Opponent,id,Day,Time,prediction,lower_bound,upper_bound
Alcorn State,128,Saturday,Noon,21.29325476,11.34685129,39.95845957
Alcorn State,123,Saturday,Noon,20.3345664,10.82243949,38.20715202
Alcorn State,111,Saturday,Noon,14.8668091,7.922783725,27.89701456
Alcorn State,228,Saturday,Noon,10.02184945,5.339002471,18.81202846
Alcorn State,109,Saturday,Noon,25.44373178,13.52166519,47.8774972
Alcorn State,217,Saturday,Noon,8.968437636,4.775968654,16.84116447
Alcorn State,CL2,Saturday,Noon,57.88289865,30.76432969,108.9063207
Alcorn State,108,Saturday,Noon,33.27657008,17.70880546,62.52991592
Alcorn State,129,Saturday,Noon,17.5451967,9.349804198,32.92410417
Alcorn State,211,Saturday,Noon,8.378610522,4.451498141,15.77022208
Alcorn State,127,Saturday,Noon,30.38741923,16.1788019,57.07438989
Alcorn State,122,Saturday,Noon,16.84627109,8.950751578,31.70648265
Alcorn State,210,Saturday,Noon,8.25973239,4.400703934,15.50278778
Alcorn State,216,Saturday,Noon,8.386503004,4.459330492,15.77219557
Alcorn State,215,Saturday,Noon,9.961479878,5.300307746,18.72175846
Alcorn State,121,Saturday,Noon,14.89830839,7.927690351,27.99801495
Alcorn State,213,Saturday,Noon,8.508237213,4.530328856,15.97899463
Alcorn State,212,Saturday,Noon,8.747026534,4.654718048,16.43718747
Alcorn State,101,Saturday,Noon,11.48533761,6.116359139,21.56723911
Alcorn State,103,Saturday,Noon,21.29251802,11.32830051,40.02112436
Alcorn State,226L,Saturday,Noon,17.54441444,9.293195967,33.12170315
Alcorn State,CL3,Saturday,Noon,56.24751356,29.81696458,106.1068028
Alcorn State,132,Saturday,Noon,16.15888189,8.594666813,30.3804056
Alcorn State,124,Saturday,Noon,30.72274437,16.24341447,58.10890459
Alcorn State,202,Saturday,Noon,11.96131134,6.345107424,22.54854952
Alcorn State,105,Saturday,Noon,36.56047789,19.45447391,68.70751424
Alcorn State,219,Saturday,Noon,6.276815549,3.334081009,11.81687348
Alcorn State,227,Saturday,Noon,16.48333816,8.712717033,31.18435224
Alcorn State,221,Saturday,Noon,11.29480991,5.992128825,21.29005143
Alcorn State,102,Saturday,Noon,19.83344238,10.55709056,37.26078072
Alcorn State,222,Saturday,Noon,12.61239536,6.702131888,23.73461451
Alcorn State,104,Saturday,Noon,32.06775035,17.04532813,60.32976335
Alcorn State,CL1,Saturday,Noon,48.15545557,25.50419358,90.92418052
Alcorn State,214,Saturday,Noon,9.639200581,5.129469975,18.11379895
Alcorn State,107,Saturday,Noon,41.52140513,22.09201737,78.0384632
Alcorn State,223,Saturday,Noon,19.98926849,10.55406774,37.8594173
Alcorn State,201,Saturday,Noon,10.70801053,5.654421037,20.27820155
Alcorn State,CL4,Saturday,Noon,40.36489244,21.38435302,76.19237018
Alcorn State,207,Saturday,Noon,14.93084695,7.914682752,28.16666158
Alcorn State,206U,Saturday,Noon,13.59277812,7.038437244,26.25065914
Alcorn State,225,Saturday,Noon,20.49620385,10.81518917,38.84299807
Alcorn State,106,Saturday,Noon,44.70694013,23.67507951,84.42254628
Alcorn State,224L,Saturday,Noon,20.63966957,10.97118116,38.82863235
Alcorn State,218,Saturday,Noon,13.68171647,7.247282978,25.82890253
Alcorn State,204U,Saturday,Noon,12.04282328,6.388429065,22.70191796
Alcorn State,208,Saturday,Noon,10.02896115,5.276058038,19.06348659
Alcorn State,224U,Saturday,Noon,10.0170829,5.312054574,18.88948023
Alcorn State,206L,Saturday,Noon,17.91926622,9.35344592,34.32960478
Alcorn State,130,Saturday,Noon,24.61871605,11.42784422,53.03547795
Alcorn State,229,Saturday,Noon,23.16643041,12.14361112,44.19472038
Alcorn State,203L,Saturday,Noon,15.95145228,8.347102279,30.48349253
Alcorn State,203U,Saturday,Noon,12.97487517,6.693116565,25.15231644
Alcorn State,204L,Saturday,Noon,22.41843355,11.45603993,43.87084593
Alcorn State,226U,Saturday,Noon,11.18394224,5.911234052,21.15980569
Alcorn State,110,Saturday,Noon,14.82980183,7.673984292,28.65825807
Alcorn State,131,Saturday,Noon,11.97284022,6.354838512,22.55744229
Alcorn State,205U,Saturday,Noon,12.24603871,6.474641858,23.16197057
Alcorn State,205L,Saturday,Noon,19.49156991,10.05370313,37.78918997
Alcorn State,TT3,Saturday,Noon,38.53643424,17.88382043,83.03912298
Alcorn State,TT1,Saturday,Noon,114.9872444,47.38814784,279.0163149
Alcorn State,128,Saturday,Afternoon,25.41126688,13.53777501,47.69856817
Alcorn State,123,Saturday,Afternoon,24.26717284,12.912113,45.60800217
Alcorn State,111,Saturday,Afternoon,17.74197782,9.452566011,33.30077533
Alcorn State,228,Saturday,Afternoon,11.96002649,6.369892464,22.45598877
Alcorn State,109,Saturday,Afternoon,30.364426,16.13253409,57.15149038
Alcorn State,217,Saturday,Afternoon,10.70288994,5.698145247,20.10335787
Alcorn State,CL2,Saturday,Afternoon,69.07717029,36.7045455,130.0017584
Alcorn State,108,Saturday,Afternoon,39.71209721,21.12814822,74.64216212
Alcorn State,129,Saturday,Afternoon,20.93835258,11.15512499,39.30163125
Alcorn State,211,Saturday,Afternoon,9.998993126,5.311028802,18.82495224
Alcorn State,127,Saturday,Afternoon,36.26419861,19.30271696,68.12989608
Alcorn State,122,Saturday,Afternoon,20.10425815,10.67903366,37.8481058
Alcorn State,210,Saturday,Afternoon,9.857124541,5.250420806,18.50573655
Alcorn State,216,Saturday,Afternoon,10.00841198,5.320371716,18.82731426
Alcorn State,215,Saturday,Afternoon,11.88798173,6.323729496,22.34822185
Alcorn State,121,Saturday,Afternoon,17.77956892,9.458425846,33.42131937
Alcorn State,213,Saturday,Afternoon,10.15368899,5.405075919,19.07418169
Alcorn State,212,Saturday,Afternoon,10.43865901,5.553484379,19.62112332
Alcorn State,101,Saturday,Afternoon,13.70654615,7.297347434,25.74489007
Alcorn State,103,Saturday,Afternoon,25.41038765,13.5156512,47.77334002
Alcorn State,226L,Saturday,Afternoon,20.93741904,11.08761367,39.53740895
Alcorn State,CL3,Saturday,Afternoon,67.12550966,35.57429357,126.659832
Alcorn State,132,Saturday,Afternoon,19.28393121,10.25418877,36.26518011
Alcorn State,124,Saturday,Afternoon,36.664374,19.37986025,69.36460344
Alcorn State,202,Saturday,Afternoon,14.27457089,7.570275992,26.91624114
Alcorn State,105,Saturday,Afternoon,43.63109685,23.21088376,82.01637782
Alcorn State,219,Saturday,Afternoon,7.490721209,3.977852246,14.10582916
Alcorn State,227,Saturday,Afternoon,19.67113575,10.39505923,37.2247597
Alcorn State,221,Saturday,Afternoon,13.47917132,7.149140933,25.41397087
Alcorn State,102,Saturday,Afternoon,23.66913386,12.59552795,44.47831801
Alcorn State,222,Saturday,Afternoon,15.0515714,7.996232201,28.33206891
Alcorn State,104,Saturday,Afternoon,38.26949761,20.33657177,72.01579812
Alcorn State,CL1,Saturday,Afternoon,57.46848692,30.4287849,108.5362758
Alcorn State,214,Saturday,Afternoon,11.50337518,6.11990482,21.62249978
Alcorn State,107,Saturday,Afternoon,49.55144334,26.35770419,93.15475731
Alcorn State,223,Saturday,Afternoon,23.85509599,12.59196275,45.19276433
Alcorn State,201,Saturday,Afternoon,12.77888778,6.746238236,24.2060786
Alcorn State,CL4,Saturday,Afternoon,48.1712667,25.51344351,90.95091123
Alcorn State,207,Saturday,Afternoon,17.81840027,9.442921321,33.62258114
Alcorn State,206U,Saturday,Afternoon,16.22155543,8.397559102,31.33516029
Alcorn State,225,Saturday,Afternoon,24.46007018,12.90350747,46.36685295
Alcorn State,106,Saturday,Afternoon,53.35304534,28.24648945,100.7752645
Alcorn State,224L,Saturday,Afternoon,24.63128148,13.08958141,46.34984176
Alcorn State,218,Saturday,Afternoon,16.32769403,8.646656486,30.83198606
Alcorn State,204U,Saturday,Afternoon,14.37184684,7.621962513,27.09931745
Alcorn State,208,Saturday,Afternoon,11.96851355,6.294826139,22.75604019
Alcorn State,224U,Saturday,Afternoon,11.95433811,6.337753127,22.54840112
Alcorn State,206L,Saturday,Afternoon,21.38476532,11.15956178,40.97904531
Alcorn State,130,Saturday,Afternoon,29.37985623,13.63504059,63.30571198
Alcorn State,229,Saturday,Afternoon,27.6467056,14.48847383,52.75506171
Alcorn State,203L,Saturday,Afternoon,19.03638573,9.958887292,36.38799907
Alcorn State,203U,Saturday,Afternoon,15.48415305,7.985568303,30.02403669
Alcorn State,204L,Saturday,Afternoon,26.75404978,13.66826716,52.36795352
Alcorn State,226U,Saturday,Afternoon,13.34686238,7.052636882,25.2584584
Alcorn State,110,Saturday,Afternoon,17.69781352,9.155832486,34.20907971
Alcorn State,131,Saturday,Afternoon,14.28832941,7.581223439,26.92920989
Alcorn State,205U,Saturday,Afternoon,14.61436316,7.72483238,27.64844594
Alcorn State,205L,Saturday,Afternoon,23.26114492,11.9950901,45.10852845
Alcorn State,TT3,Saturday,Afternoon,45.98919356,21.33793827,99.11950712
Alcorn State,TT1,Saturday,Afternoon,137.2252194,56.54239818,333.0378872
Alcorn State,128,Saturday,Night,26.82189202,14.2908676,50.34081288
Alcorn State,123,Saturday,Night,25.61428727,13.63039765,48.13445133
Alcorn State,111,Saturday,Night,18.72686693,9.978402707,35.14545919
Alcorn State,228,Saturday,Night,12.62394908,6.724242742,23.6999312
Alcorn State,109,Saturday,Night,32.05000993,17.02996232,60.3174051
Alcorn State,217,Saturday,Night,11.29702662,6.01512654,21.21697849
Alcorn State,CL2,Saturday,Night,72.9117683,38.74636407,137.2032211
Alcorn State,108,Saturday,Night,41.91658718,22.30348025,78.77695592
Alcorn State,129,Saturday,Night,22.10067821,11.77567324,41.47873053
Alcorn State,211,Saturday,Night,10.55405523,5.606472965,19.867764
Alcorn State,127,Saturday,Night,38.27728952,20.37650424,71.9039378
Alcorn State,122,Saturday,Night,21.22028169,11.27309157,39.94470836
Alcorn State,210,Saturday,Night,10.40431126,5.542496177,19.53085566
Alcorn State,216,Saturday,Night,10.56399693,5.616336412,19.87025403
Alcorn State,215,Saturday,Night,12.54790499,6.675510333,23.58619967
Alcorn State,121,Saturday,Night,18.76654478,9.984585889,35.27269001
Alcorn State,213,Saturday,Night,10.71733854,5.705753976,20.13079179
Alcorn State,212,Saturday,Night,11.01812775,5.862417615,20.70803329
Alcorn State,101,Saturday,Night,14.46742119,7.703290528,27.17102195
Alcorn State,103,Saturday,Night,26.82096399,14.26750905,50.41974088
Alcorn State,226L,Saturday,Night,22.09969284,11.70439402,41.72761296
Alcorn State,CL3,Saturday,Night,70.85176748,37.55322081,133.6762293
Alcorn State,132,Saturday,Night,20.35441693,10.82461525,38.2740891
Alcorn State,124,Saturday,Night,38.69967937,20.45791406,73.20713046
Alcorn State,202,Saturday,Night,15.06697801,7.991396356,28.40727904
Alcorn State,105,Saturday,Night,46.05313754,24.5020753,86.55966694
Alcorn State,219,Saturday,Night,7.906544621,4.199133734,14.8872248
Alcorn State,227,Saturday,Night,20.76311589,10.97331025,39.2868671
Alcorn State,221,Saturday,Night,14.22742437,7.546834465,26.82178935
Alcorn State,102,Saturday,Night,24.98305007,13.29620168,46.9421874
Alcorn State,222,Saturday,Night,15.88711121,8.441050274,29.90152819
Alcorn State,104,Saturday,Night,40.39390628,21.46786496,76.00512056
Alcorn State,CL1,Saturday,Night,60.65866604,32.12147268,114.5487258
Alcorn State,214,Saturday,Night,12.14194824,6.460347297,22.8202758
Alcorn State,107,Saturday,Night,52.30213312,27.82394879,98.31505762
Alcorn State,223,Saturday,Night,25.1793353,13.29241945,47.69627745
Alcorn State,201,Saturday,Night,13.48826684,7.121513311,25.54700586
Alcorn State,CL4,Saturday,Night,50.84534039,26.93270278,95.9892017
Alcorn State,207,Saturday,Night,18.80753173,9.968212221,35.48512432
Alcorn State,206U,Saturday,Night,17.12204316,8.864663843,33.07112001
Alcorn State,225,Saturday,Night,25.81789269,13.62129315,48.93541133
Alcorn State,106,Saturday,Night,56.31476888,29.81778025,106.3577895
Alcorn State,224L,Saturday,Night,25.99860823,13.8177354,48.91739567
Alcorn State,218,Saturday,Night,17.2340737,9.127651615,32.53994663
Alcorn State,204U,Saturday,Night,15.16965392,8.04595812,28.60049688
Alcorn State,208,Saturday,Night,12.63290727,6.644986139,24.01665599
Alcorn State,224U,Saturday,Night,12.61794493,6.690310167,23.79748178
Alcorn State,206L,Saturday,Night,22.57187212,11.78031522,43.24921714
Alcorn State,130,Saturday,Night,31.01078492,14.39325678,66.81384177
Alcorn State,229,Saturday,Night,29.18142398,15.2944096,55.67756634
Alcorn State,203L,Saturday,Night,20.09312975,10.51285727,38.40381858
Alcorn State,203U,Saturday,Night,16.34370625,8.42975141,31.68737973
Alcorn State,204L,Saturday,Night,28.23921522,14.42851895,55.26923996
Alcorn State,226U,Saturday,Night,14.08777072,7.444957277,26.65767936
Alcorn State,110,Saturday,Night,18.68025099,9.665114316,36.10425761
Alcorn State,131,Saturday,Night,15.08150028,8.003818262,28.41789297
Alcorn State,205U,Saturday,Night,15.42563275,8.154545756,29.18006139
Alcorn State,205L,Saturday,Night,24.55241293,12.66229554,47.60755886
Alcorn State,TT3,Saturday,Night,48.54213645,22.52449588,104.6122863
Alcorn State,TT1,Saturday,Night,144.8428382,59.68587381,351.4977069
Alcorn State,128,Thursday,Night,38.56645283,20.56160141,72.33732698
Alcorn State,123,Thursday,Night,36.83007153,19.6112969,69.1669794
Alcorn State,111,Thursday,Night,26.92684132,14.35685766,50.50233139
Alcorn State,228,Thursday,Night,18.15162541,9.67479118,34.05567095
Alcorn State,109,Thursday,Night,46.08381821,24.50252425,86.67344961
Alcorn State,217,Thursday,Night,16.24368049,8.654516592,30.48779827
Alcorn State,CL2,Thursday,Night,104.8378045,55.74785268,197.1549527
Alcorn State,108,Thursday,Night,60.27069533,32.09004932,113.1988511
Alcorn State,129,Thursday,Night,31.77795075,16.94275761,59.60293933
Alcorn State,211,Thursday,Night,15.17538258,8.066530063,28.54910783
Alcorn State,127,Thursday,Night,55.03785041,29.31754716,103.3225925
Alcorn State,122,Thursday,Night,30.51205307,16.2195978,57.39879583
Alcorn State,210,Thursday,Night,14.9600699,7.974503703,28.06490532
Alcorn State,216,Thursday,Night,15.18967749,8.080728138,28.55266237
Alcorn State,215,Thursday,Night,18.04228373,9.604663339,33.89228654
Alcorn State,121,Thursday,Night,26.98389299,14.36573214,50.68523302
Alcorn State,213,Thursday,Night,15.41016312,8.209392742,28.92700285
Alcorn State,212,Thursday,Night,15.84265957,8.434794054,29.75648967
Alcorn State,101,Thursday,Night,20.80230271,11.08343373,39.04347772
Alcorn State,103,Thursday,Night,38.56511844,20.52795991,72.45086052
Alcorn State,226L,Thursday,Night,31.77653391,16.84009921,59.9609358
Alcorn State,CL3,Thursday,Night,101.8757866,54.03102877,192.0873272
Alcorn State,132,Thursday,Night,29.2670502,15.57435183,54.99813006
Alcorn State,124,Thursday,Night,55.64519304,29.43447247,105.1959573
Alcorn State,202,Thursday,Night,21.66438878,11.49791299,40.82008113
Alcorn State,105,Thursday,Night,66.21852609,35.25336481,124.3822603
Alcorn State,219,Thursday,Night,11.36860069,6.041664887,21.39229569
Alcorn State,227,Thursday,Night,29.85470708,15.7881941,56.45379891
Alcorn State,221,Thursday,Night,20.45721795,10.85828441,38.54179449
Alcorn State,102,Thursday,Night,35.92243311,19.13046116,67.4537425
Alcorn State,222,Thursday,Night,22.84363552,12.14489021,42.96718
Alcorn State,104,Thursday,Night,58.0812748,30.8877365,109.2159823
Alcorn State,CL1,Thursday,Night,87.21940946,46.21586653,164.6020286
Alcorn State,214,Thursday,Night,17.4585698,9.295089903,32.79168493
Alcorn State,107,Thursday,Night,75.2037831,40.03284228,141.2742306
Alcorn State,223,Thursday,Night,36.20466618,19.12486398,68.53789154
Alcorn State,201,Thursday,Night,19.39440388,10.24629049,36.71015403
Alcorn State,CL4,Thursday,Night,73.10910134,38.75035777,137.93268
Alcorn State,207,Thursday,Night,27.04282699,14.34211863,50.99068768
Alcorn State,206U,Thursday,Night,24.61930982,12.75406069,47.52293648
Alcorn State,225,Thursday,Night,37.1228301,19.59802911,70.31852575
Alcorn State,106,Thursday,Night,80.9734405,42.90134543,152.8319917
Alcorn State,224L,Thursday,Night,37.38267596,19.88081184,70.29212254
Alcorn State,218,Thursday,Night,24.78039543,13.13272276,46.75862036
Alcorn State,204U,Thursday,Night,21.81202363,11.57641587,41.09772662
Alcorn State,208,Thursday,Night,18.16450615,9.560637566,34.5112218
Alcorn State,224U,Thursday,Night,18.14299221,9.625924693,34.19600473
Alcorn State,206L,Thursday,Night,32.45546738,16.94909064,62.1483114
Alcorn State,130,Thursday,Night,44.58954547,20.70653322,96.01933572
Alcorn State,229,Thursday,Night,41.95915823,22.00513167,80.00729039
Alcorn State,203L,Thursday,Night,28.89135264,15.12555421,55.1854329
Alcorn State,203U,Thursday,Night,23.50016083,12.12828672,45.53467211
Alcorn State,204L,Thursday,Night,40.60438245,20.75882299,79.42241595
Alcorn State,226U,Thursday,Night,20.25641385,10.71166504,38.30611773
Alcorn State,110,Thursday,Night,26.85981355,13.90570271,51.88156246
Alcorn State,131,Thursday,Night,21.68526995,11.51616137,40.83399997
Alcorn State,205U,Thursday,Night,22.18008847,11.73261132,41.93067605
Alcorn State,205L,Thursday,Night,35.30323194,18.21784871,68.41192968
Alcorn State,TT3,Thursday,Night,69.79738842,32.40435075,150.3401647
Alcorn State,TT1,Thursday,Night,208.2654901,85.85967823,505.1790929
Clemson,128,Saturday,Noon,55.18840912,29.53085443,103.138245
Clemson,123,Saturday,Noon,55.68614892,29.78758771,104.1019908
Clemson,111,Saturday,Noon,38.27653535,20.47918804,71.54058818
Clemson,228,Saturday,Noon,31.83029078,17.03047696,59.49142901
Clemson,109,Saturday,Noon,57.46794473,30.73399232,107.4564163
Clemson,217,Saturday,Noon,27.18710967,14.54474573,50.81827801
Clemson,CL2,Saturday,Noon,133.8166583,71.56339599,250.2242634
Clemson,108,Saturday,Noon,73.64553379,39.3974543,137.6653579
Clemson,129,Saturday,Noon,46.65885908,24.96699079,87.19709753
Clemson,211,Saturday,Noon,26.41901534,14.12610043,49.40955751
Clemson,127,Saturday,Noon,78.16657023,41.81183074,146.1311929
Clemson,122,Saturday,Noon,44.81405365,23.96566171,83.79903835
Clemson,210,Saturday,Noon,25.7997742,13.80043567,48.23241561
Clemson,216,Saturday,Noon,25.59396178,13.68978425,47.84961308
Clemson,215,Saturday,Noon,31.40020096,16.793925,58.71007646
Clemson,121,Saturday,Noon,39.3745921,21.06044977,73.61469107
Clemson,213,Saturday,Noon,25.99573911,13.90636559,48.59490049
Clemson,212,Saturday,Noon,25.64246968,13.71558407,47.94081301
Clemson,101,Saturday,Noon,32.86608754,17.58313979,61.43269761
Clemson,103,Saturday,Noon,54.75842453,29.28948677,102.3741071
Clemson,226L,Saturday,Noon,46.62258493,24.92288428,87.21564491
Clemson,CL3,Saturday,Noon,138.0203051,73.77787966,258.2021157
Clemson,132,Saturday,Noon,31.27058095,16.72866304,58.45351958
Clemson,124,Saturday,Noon,70.96247114,37.93451799,132.7464425
Clemson,202,Saturday,Noon,30.75697491,16.45282844,57.49719626
Clemson,105,Saturday,Noon,88.08892741,47.11654944,164.6907345
Clemson,219,Saturday,Noon,22.31541465,11.93009505,41.74130455
Clemson,227,Saturday,Noon,34.88589423,18.66029607,65.22005931
Clemson,221,Saturday,Noon,29.49557326,15.76997685,55.16741403
Clemson,102,Saturday,Noon,42.86467347,22.93002939,80.12986816
Clemson,222,Saturday,Noon,32.65041843,17.46471761,61.04019814
Clemson,104,Saturday,Noon,65.0835486,34.81762034,121.6587537
Clemson,CL1,Saturday,Noon,124.7281905,66.64253341,233.441328
Clemson,214,Saturday,Noon,27.75322971,14.84416015,51.88853742
Clemson,107,Saturday,Noon,93.03605384,49.76482258,173.932245
Clemson,223,Saturday,Noon,35.76605888,19.12463216,66.88813449
Clemson,201,Saturday,Noon,25.48013311,13.62721806,47.64267957
Clemson,CL4,Saturday,Noon,114.7683521,61.3260222,214.782798
Clemson,207,Saturday,Noon,31.30892936,16.74336869,58.54550991
Clemson,206U,Saturday,Noon,29.7052479,15.87643493,55.57933859
Clemson,225,Saturday,Noon,49.55405705,26.49732029,92.67369464
Clemson,106,Saturday,Noon,102.1352363,54.59542331,191.0710801
Clemson,224L,Saturday,Noon,59.24283557,31.6834677,110.7742877
Clemson,218,Saturday,Noon,30.45026963,16.28096753,56.95109452
Clemson,204U,Saturday,Noon,37.96311426,20.29862976,70.99977002
Clemson,208,Saturday,Noon,27.26317485,14.56993798,51.01467855
Clemson,224U,Saturday,Noon,32.06692738,17.14680849,59.96963414
Clemson,206L,Saturday,Noon,40.36443995,21.54342935,75.6280714
Clemson,130,Saturday,Noon,33.49994763,17.81586772,62.99140229
Clemson,229,Saturday,Noon,26.64147993,14.23022932,49.87751333
Clemson,203L,Saturday,Noon,39.08532648,20.84576647,73.28407654
Clemson,203U,Saturday,Noon,34.16818497,18.25248152,63.96198034
Clemson,204L,Saturday,Noon,44.51903143,23.709052,83.59440774
Clemson,226U,Saturday,Noon,32.56375029,17.41386223,60.89389127
Clemson,110,Saturday,Noon,41.55558118,22.16990922,77.89234996
Clemson,131,Saturday,Noon,34.26110996,18.28575638,64.1933334
Clemson,205U,Saturday,Noon,32.83458334,17.55435447,61.41552315
Clemson,205L,Saturday,Noon,46.91674326,24.95657035,88.2004525
Clemson,TT3,Saturday,Noon,75.28833831,31.05739322,182.5115793
Clemson,TT1,Saturday,Noon,329.0439488,135.7193506,797.7485874
Clemson,128,Saturday,Afternoon,65.86157955,35.22893927,123.1302376
Clemson,123,Saturday,Afternoon,66.45557982,35.53480419,124.2822126
Clemson,111,Saturday,Afternoon,45.67903148,24.43127491,85.40585479
Clemson,228,Saturday,Afternoon,37.98611451,20.3163395,71.02386213
Clemson,109,Saturday,Afternoon,68.58196629,36.66526349,128.2818028
Clemson,217,Saturday,Afternoon,32.44496471,17.35197926,60.66603236
Clemson,CL2,Saturday,Afternoon,159.6961505,85.37297378,298.7228786
Clemson,108,Saturday,Afternoon,87.88822255,46.99994213,164.3478548
Clemson,129,Saturday,Afternoon,55.68245594,29.78390082,104.1010685
Clemson,211,Saturday,Afternoon,31.52832466,16.85295703,58.9828393
Clemson,127,Saturday,Afternoon,93.28360549,49.87971612,174.4563067
Clemson,122,Saturday,Afternoon,53.4808741,28.58936116,100.0443444
Clemson,210,Saturday,Afternoon,30.7893253,16.46456255,57.57714783
Clemson,216,Saturday,Afternoon,30.54370976,16.33122279,57.12482264
Clemson,215,Saturday,Afternoon,37.47284741,20.03561992,70.08589198
Clemson,121,Saturday,Afternoon,46.98944709,25.12486476,87.88139396
Clemson,213,Saturday,Afternoon,31.02318887,16.59003067,58.01304813
Clemson,212,Saturday,Afternoon,30.60159885,16.36244414,57.23214969
Clemson,101,Saturday,Afternoon,39.22222933,20.97578565,73.34091316
Clemson,103,Saturday,Afternoon,65.34843803,34.94162487,122.2157919
Clemson,226L,Saturday,Afternoon,55.63916654,29.73164021,104.1219668
Clemson,CL3,Saturday,Afternoon,164.7127622,88.01407136,308.249506
Clemson,132,Saturday,Afternoon,37.31815951,19.95640015,69.7843809
Clemson,124,Saturday,Afternoon,84.6862686,45.25405176,158.4778337
Clemson,202,Saturday,Afternoon,36.70522457,19.62772602,68.64134487
Clemson,105,Saturday,Afternoon,105.1248984,56.20819175,196.6126985
Clemson,219,Saturday,Afternoon,26.63110752,14.23350098,49.82722722
Clemson,227,Saturday,Afternoon,41.63265684,22.2606766,77.86277779
Clemson,221,Saturday,Afternoon,35.19987395,18.81218209,65.86323268
Clemson,102,Saturday,Afternoon,51.15449325,27.35414563,95.66309308
Clemson,222,Saturday,Afternoon,38.96485087,20.83385861,72.87462354
Clemson,104,Saturday,Afternoon,77.67039098,41.53598355,145.2400815
Clemson,CL1,Saturday,Afternoon,148.8500171,79.50309104,278.6851089
Clemson,214,Saturday,Afternoon,33.12056962,17.70901699,61.94427011
Clemson,107,Saturday,Afternoon,111.028775,59.36788512,207.6440632
Clemson,223,Saturday,Afternoon,42.68304106,22.8147913,79.85354634
Clemson,201,Saturday,Afternoon,30.40786717,16.25664998,56.87754777
Clemson,CL4,Saturday,Afternoon,136.9639943,73.16034718,256.4112453
Clemson,207,Saturday,Afternoon,37.36392432,19.97445065,69.89242736
Clemson,206U,Saturday,Afternoon,35.45009865,18.93931658,66.35453234
Clemson,225,Saturday,Afternoon,59.13757114,31.60824636,110.6436681
Clemson,106,Saturday,Afternoon,121.8876953,65.12889775,228.1108812
Clemson,224L,Saturday,Afternoon,70.70011241,37.79665878,132.2472953
Clemson,218,Saturday,Afternoon,36.33920397,19.42177543,67.99263795
Clemson,204U,Saturday,Afternoon,45.30499628,24.21539395,84.76189535
Clemson,208,Saturday,Afternoon,32.53574052,17.38128842,60.90310374
Clemson,224U,Saturday,Afternoon,38.26851549,20.45425962,71.5977652
Clemson,206L,Saturday,Afternoon,48.17072671,25.70039601,90.28728236
Clemson,130,Saturday,Afternoon,39.97867489,21.25262217,75.2045763
Clemson,229,Saturday,Afternoon,31.79381283,16.97576921,59.54643477
Clemson,203L,Saturday,Afternoon,46.6442389,24.86714336,87.49235851
Clemson,203U,Saturday,Afternoon,40.77614609,21.7745086,76.35966079
Clemson,204L,Saturday,Afternoon,53.12879601,28.28392764,99.79763073
Clemson,226U,Saturday,Afternoon,38.86142153,20.77255141,72.70219501
Clemson,110,Saturday,Afternoon,49.59222887,26.44838927,92.98823981
Clemson,131,Saturday,Afternoon,40.88704232,21.81208452,76.64330425
Clemson,205U,Saturday,Afternoon,39.18463238,20.94172296,73.31944069
Clemson,205L,Saturday,Afternoon,55.99021367,29.77278695,105.2942753
Clemson,TT3,Saturday,Afternoon,89.84873749,37.05394824,217.8660038
Clemson,TT1,Saturday,Afternoon,392.6794513,161.9240201,952.2808991
Clemson,128,Saturday,Night,69.51767434,37.17227088,130.0083888
Clemson,123,Saturday,Night,70.14464864,37.49559125,131.2226736
Clemson,111,Saturday,Night,48.21475672,25.77816977,90.17951181
Clemson,228,Saturday,Night,40.09479208,21.43709178,74.99115869
Clemson,109,Saturday,Night,72.38907465,38.68639731,135.45273
Clemson,217,Saturday,Night,34.24604308,18.30773902,64.05987466
Clemson,CL2,Saturday,Night,168.5611712,90.08016755,315.4175796
Clemson,108,Saturday,Night,92.76705593,49.59164942,173.5317693
Clemson,129,Saturday,Night,58.77348927,31.4281058,109.911907
Clemson,211,Saturday,Night,33.2785187,17.78072994,62.28427124
Clemson,127,Saturday,Night,98.46194628,52.63088688,184.2027646
Clemson,122,Saturday,Night,56.44969365,30.16720497,105.6302006
Clemson,210,Saturday,Night,32.49849614,17.37060325,60.80112685
Clemson,216,Saturday,Night,32.23924604,17.23227624,60.31524627
Clemson,215,Saturday,Night,39.5530326,21.13915843,74.0068434
Clemson,121,Saturday,Night,49.59791585,26.50954741,92.79499264
Clemson,213,Saturday,Night,32.74534191,17.50453447,61.25598019
Clemson,212,Saturday,Night,32.30034866,17.26435222,60.43160559
Clemson,101,Saturday,Night,41.39952586,22.13298025,77.4374134
Clemson,103,Saturday,Night,68.97604741,36.86853499,129.0448649
Clemson,226L,Saturday,Night,58.72779679,31.37246678,109.9357006
Clemson,CL3,Saturday,Night,173.856264,92.86687642,325.4766574
Clemson,132,Saturday,Night,39.3897577,21.05760675,73.68135562
Clemson,124,Saturday,Night,89.38735575,47.75068083,167.3295381
Clemson,202,Saturday,Night,38.74279763,20.71069948,72.47482731
Clemson,105,Saturday,Night,110.9605706,59.30743367,207.6004217
Clemson,219,Saturday,Night,28.10944822,15.01654393,52.61803799
Clemson,227,Saturday,Night,43.94376053,23.48873829,82.21191218
Clemson,221,Saturday,Night,37.15388229,19.85148824,69.53690086
Clemson,102,Saturday,Night,53.99417122,28.86365278,101.0049056
Clemson,222,Saturday,Night,41.12785985,21.9844909,76.94064253
Clemson,104,Saturday,Night,81.98201413,43.82676653,153.3549284
Clemson,CL1,Saturday,Night,157.1129494,83.88607747,294.2619276
Clemson,214,Saturday,Night,34.95915203,18.68488792,65.40806216
Clemson,107,Saturday,Night,117.1921821,62.64185341,219.246507
Clemson,223,Saturday,Night,45.05245347,24.07322773,84.31455831
Clemson,201,Saturday,Night,32.09586259,17.15388451,60.05312646
Clemson,CL4,Saturday,Night,144.5671121,77.19327013,270.7444555
Clemson,207,Saturday,Night,39.43806299,21.07582334,73.79834171
Clemson,206U,Saturday,Night,37.41799742,19.98534808,70.05664977
Clemson,225,Saturday,Night,62.42040412,33.35427962,116.8157998
Clemson,106,Saturday,Night,128.6539006,68.72324424,240.8475664
Clemson,224L,Saturday,Night,74.62480286,39.88185225,139.633966
Clemson,218,Saturday,Night,38.35645857,20.49517015,71.78363991
Clemson,204U,Saturday,Night,47.81995815,25.55190979,89.4942263
Clemson,208,Saturday,Night,34.34185802,18.34054397,64.30361142
Clemson,224U,Saturday,Night,40.39286964,21.5851515,75.58825418
Clemson,206L,Saturday,Night,50.84477042,27.11797622,95.331254
Clemson,130,Saturday,Night,42.19796306,22.42557685,79.40344627
Clemson,229,Saturday,Night,33.55874459,17.91325712,62.86904335
Clemson,203L,Saturday,Night,49.23354453,26.24037536,92.37451344
Clemson,203U,Saturday,Night,43.03970333,22.97531008,80.62637922
Clemson,204L,Saturday,Night,56.07807108,29.84497913,105.3694842
Clemson,226U,Saturday,Night,41.01868897,21.92134367,76.75318039
Clemson,110,Saturday,Night,52.34518273,27.90688755,98.1842977
Clemson,131,Saturday,Night,43.15675561,23.01795243,80.9153447
Clemson,205U,Saturday,Night,41.35984183,22.09749878,77.41312867
Clemson,205L,Saturday,Night,59.09833118,31.41461329,111.1779641
Clemson,TT3,Saturday,Night,94.83640258,39.10187955,230.0130674
Clemson,TT1,Saturday,Night,414.4777942,170.8733892,1005.375048
Clemson,128,Thursday,Night,99.9575312,53.49965849,186.7583518
Clemson,123,Thursday,Night,100.8590401,53.96445123,188.5045755
Clemson,111,Thursday,Night,69.32665821,37.10106007,129.5430785
Clemson,228,Thursday,Night,57.65118681,30.85344869,107.7240789
Clemson,109,Thursday,Night,104.0862379,55.67843157,194.5806411
Clemson,217,Thursday,Night,49.24143324,26.34914191,92.02268351
Clemson,CL2,Thursday,Night,242.3694216,129.6464668,453.1009446
Clemson,108,Thursday,Night,133.3871706,71.3732238,249.2830831
Clemson,129,Thursday,Night,84.50876619,45.23110083,157.8942681
Clemson,211,Thursday,Night,47.85025682,25.5912194,89.47002648
Clemson,127,Thursday,Night,141.5756951,75.74752454,264.6116499
Clemson,122,Thursday,Night,81.16744508,43.41721511,151.740597
Clemson,210,Thursday,Night,46.72868408,25.00058805,87.3407422
Clemson,216,Thursday,Night,46.35591556,24.8005543,86.64608386
Clemson,215,Thursday,Night,56.87220591,30.42432316,106.3112493
Clemson,121,Thursday,Night,71.31546427,38.15399853,133.2991466
Clemson,213,Thursday,Night,47.08361674,25.1934527,87.99377328
Clemson,212,Thursday,Night,46.44377333,24.84721193,86.81151376
Clemson,101,Thursday,Night,59.52722723,31.85465405,111.2393428
Clemson,103,Thursday,Night,99.17874088,53.06167596,185.3771572
Clemson,226L,Thursday,Night,84.44306625,45.15051042,157.9302509
Clemson,CL3,Thursday,Night,249.9830884,133.6556116,467.556459
Clemson,132,Thursday,Night,56.63743747,30.30585522,105.8475103
Clemson,124,Thursday,Night,128.5275937,68.72308815,240.3754368
Clemson,202,Thursday,Night,55.70719158,29.80734198,104.1116378
Clemson,105,Thursday,Night,159.5471196,85.35828267,298.2169108
Clemson,219,Thursday,Night,40.41779409,21.61265037,75.58527301
Clemson,227,Thursday,Night,63.18551154,33.80561652,118.0989812
Clemson,221,Thursday,Night,53.42253439,28.56915274,99.89680851
Clemson,102,Thursday,Night,77.63671764,41.54082966,145.0972447
Clemson,222,Thursday,Night,59.13660623,31.64022876,110.528221
Clemson,104,Thursday,Night,117.8796588,63.07623773,220.2987126
Clemson,CL1,Thursday,Night,225.9083418,120.7319261,422.7098877
Clemson,214,Thursday,Night,50.26679276,26.89219445,93.95850754
Clemson,107,Thursday,Night,168.5073805,90.15535241,314.9534278
Clemson,223,Thursday,Night,64.77967029,34.64691343,121.1191782
Clemson,201,Thursday,Night,46.14974849,24.68801401,86.26855464
Clemson,CL4,Thursday,Night,207.8690311,111.0987382,388.9291165
Clemson,207,Thursday,Night,56.70689431,30.3338469,106.0093655
Clemson,206U,Thursday,Night,53.80229818,28.76218344,100.642126
Clemson,225,Thursday,Night,89.75256367,48.00205618,167.8162005
Clemson,106,Thursday,Night,184.9878668,98.90680014,345.9874427
Clemson,224L,Thursday,Night,107.3009293,57.39755439,200.591986
Clemson,218,Thursday,Night,55.15168538,29.49536534,103.124961
Clemson,204U,Thursday,Night,68.75898832,36.77215307,128.5700749
Clemson,208,Thursday,Night,49.37920288,26.39571892,92.37504323
Clemson,224U,Thursday,Night,58.07978424,31.0631755,108.5935769
Clemson,206L,Thursday,Night,73.1082818,39.02931783,136.9437429
Clemson,130,Thursday,Night,60.67527789,32.27591776,114.0630415
Clemson,229,Thursday,Night,48.25318584,25.77896629,90.32053176
Clemson,203L,Thursday,Night,70.79154487,37.76482652,132.7013332
Clemson,203U,Thursday,Night,61.88559283,33.0668351,115.820779
Clemson,204L,Thursday,Night,80.63309931,42.95237279,151.3699077
Clemson,226U,Thursday,Night,58.97963246,31.54670648,110.2681526
Clemson,110,Thursday,Night,75.26568294,40.16208671,141.0515113
Clemson,131,Thursday,Night,62.05389904,33.1292929,116.2320729
Clemson,205U,Thursday,Night,59.47016667,31.80138478,111.212161
Clemson,205L,Thursday,Night,84.97584734,45.21122955,159.7146263
Clemson,TT3,Thursday,Night,136.3626266,56.26126683,330.5074163
Clemson,TT1,Thursday,Night,595.9660969,245.8590898,1444.630699
Bowling Green,128,Saturday,Noon,53.85952304,28.72536991,100.9855828
Bowling Green,123,Saturday,Noon,51.82302182,27.58300284,97.36523636
Bowling Green,111,Saturday,Noon,41.84525848,22.30421052,78.5065069
Bowling Green,228,Saturday,Noon,38.70498192,20.62638155,72.62910469
Bowling Green,109,Saturday,Noon,59.56538943,31.58200258,112.3435922
Bowling Green,217,Saturday,Noon,33.46946732,17.79757652,62.94144829
Bowling Green,CL2,Saturday,Noon,111.3643037,59.13388056,209.7276218
Bowling Green,108,Saturday,Noon,65.97590092,35.07960075,124.0840662
Bowling Green,129,Saturday,Noon,49.11063392,26.17114995,92.15698847
Bowling Green,211,Saturday,Noon,31.50868209,16.74464967,59.2904042
Bowling Green,127,Saturday,Noon,70.68418016,37.60552186,132.8595663
Bowling Green,122,Saturday,Noon,45.94599158,24.39277318,86.54342525
Bowling Green,210,Saturday,Noon,31.52788482,16.7689131,59.27680081
Bowling Green,216,Saturday,Noon,29.41321723,15.61121931,55.41766666
Bowling Green,215,Saturday,Noon,32.64697313,17.365701,61.37528536
Bowling Green,121,Saturday,Noon,41.83419943,22.25764348,78.62917938
Bowling Green,213,Saturday,Noon,30.36594178,16.17120179,57.02052526
Bowling Green,212,Saturday,Noon,32.2131493,17.1479014,60.51393482
Bowling Green,101,Saturday,Noon,34.82844931,18.55013126,65.39149853
Bowling Green,103,Saturday,Noon,53.3096758,28.35689677,100.2197651
Bowling Green,226L,Saturday,Noon,59.44211563,31.23470582,113.1230475
Bowling Green,CL3,Saturday,Noon,112.7977688,59.68822302,213.1632674
Bowling Green,132,Saturday,Noon,46.06073519,24.47931049,86.6687535
Bowling Green,124,Saturday,Noon,62.3989482,33.05345658,117.7979291
Bowling Green,202,Saturday,Noon,35.83463741,19.02741962,67.48793395
Bowling Green,105,Saturday,Noon,70.96041961,37.74450846,133.406987
Bowling Green,219,Saturday,Noon,26.74263962,14.22337179,50.28124022
Bowling Green,227,Saturday,Noon,48.16705301,25.59141071,90.65795637
Bowling Green,221,Saturday,Noon,39.39030079,20.76668515,74.71562192
Bowling Green,102,Saturday,Noon,43.83008756,23.34047241,82.30667066
Bowling Green,222,Saturday,Noon,39.19036056,20.87835939,73.56346024
Bowling Green,104,Saturday,Noon,63.79496977,33.92978024,119.9476725
Bowling Green,CL1,Saturday,Noon,95.01525447,50.09586471,180.2124513
Bowling Green,214,Saturday,Noon,29.81882731,15.84486396,56.11676214
Bowling Green,107,Saturday,Noon,71.82027304,38.18600768,135.0796256
Bowling Green,223,Saturday,Noon,50.56480518,26.76710211,95.52022152
Bowling Green,201,Saturday,Noon,38.39839131,20.18569571,73.04362833
Bowling Green,CL4,Saturday,Noon,77.47422813,40.96396985,146.5252525
Bowling Green,207,Saturday,Noon,32.95908866,17.53581225,61.94760242
Bowling Green,206U,Saturday,Noon,42.35213044,22.44208989,79.925843
Bowling Green,225,Saturday,Noon,55.11467879,29.12825766,104.2845698
Bowling Green,106,Saturday,Noon,87.80102939,46.3376521,166.3662359
Bowling Green,224L,Saturday,Noon,63.60696844,33.75292352,119.8665482
Bowling Green,218,Saturday,Noon,36.51779005,19.38274035,68.80084891
Bowling Green,204U,Saturday,Noon,49.95201221,26.02879086,95.86321304
Bowling Green,208,Saturday,Noon,36.97905446,19.4301904,70.37761546
Bowling Green,224U,Saturday,Noon,50.61102212,26.63778765,96.15947064
Bowling Green,206L,Saturday,Noon,52.21284946,26.7270797,102.0007303
Bowling Green,130,Saturday,Noon,35.50015579,18.78003404,67.10643112
Bowling Green,229,Saturday,Noon,47.17013776,24.37017294,91.30103022
Bowling Green,203L,Saturday,Noon,47.11146538,24.54948926,90.40881245
Bowling Green,203U,Saturday,Noon,45.4851191,23.63293279,87.54292487
Bowling Green,204L,Saturday,Noon,48.64904069,25.33542529,93.41580548
Bowling Green,226U,Saturday,Noon,55.2382712,28.82219748,105.865162
Bowling Green,110,Saturday,Noon,37.5172672,19.38085469,72.62555549
Bowling Green,131,Saturday,Noon,36.30676545,19.27681216,68.38170165
Bowling Green,205U,Saturday,Noon,43.56825124,22.59607837,84.00539621
Bowling Green,205L,Saturday,Noon,40.01596231,20.15375534,79.45304546
Bowling Green,TT3,Saturday,Noon,79.78363934,32.80812635,194.0198912
Bowling Green,TT1,Saturday,Noon,348.690439,143.3700302,848.0504754
Bowling Green,128,Saturday,Afternoon,64.27569336,34.28676505,120.4944459
Bowling Green,123,Saturday,Afternoon,61.84534269,32.92321045,116.1747703
Bowling Green,111,Saturday,Afternoon,49.93792835,26.62242814,93.67277376
Bowling Green,228,Saturday,Afternoon,46.19033754,24.61976093,86.65995128
Bowling Green,109,Saturday,Afternoon,71.08504661,37.69639633,134.0468677
Bowling Green,217,Saturday,Afternoon,39.94229983,21.24327101,75.10083147
Bowling Green,CL2,Saturday,Afternoon,132.9016195,70.58244981,250.2440834
Bowling Green,108,Saturday,Afternoon,78.73531991,41.87117524,148.0553284
Bowling Green,129,Saturday,Afternoon,58.60839213,31.23802638,109.960328
Bowling Green,211,Saturday,Afternoon,37.60230826,19.98648916,70.74447018
Bowling Green,127,Saturday,Afternoon,84.3541575,44.88613394,158.5261029
Bowling Green,122,Saturday,Afternoon,54.83172333,29.11531576,103.2624172
Bowling Green,210,Saturday,Afternoon,37.62522471,20.01545476,70.72822232
Bowling Green,216,Saturday,Afternoon,35.10159067,18.63361503,66.12359788
Bowling Green,215,Saturday,Afternoon,38.96073926,20.72778418,73.23210192
Bowling Green,121,Saturday,Afternoon,49.92473053,26.56683191,93.81919256
Bowling Green,213,Saturday,Afternoon,36.23856752,19.30203046,68.0360431
Bowling Green,212,Saturday,Afternoon,38.44301601,20.46782184,72.20433571
Bowling Green,101,Saturday,Afternoon,41.56410234,22.14153385,78.02416109
Bowling Green,103,Saturday,Afternoon,63.61950833,33.84692835,119.5807725
Bowling Green,226L,Saturday,Afternoon,70.93793226,37.2817706,134.9772329
Bowling Green,CL3,Saturday,Afternoon,134.6123098,71.24404747,254.3436902
Bowling Green,132,Saturday,Afternoon,54.9686578,29.21861553,103.4119271
Bowling Green,124,Saturday,Afternoon,74.46660189,39.45271918,140.5549456
Bowling Green,202,Saturday,Afternoon,42.76488234,22.71120829,80.52566548
Bowling Green,105,Saturday,Afternoon,84.68382031,45.05202637,159.1792867
Bowling Green,219,Saturday,Afternoon,31.91453631,16.97708437,59.99484985
Bowling Green,227,Saturday,Afternoon,57.48232725,30.54602095,108.171796
Bowling Green,221,Saturday,Afternoon,47.00819376,24.78715456,89.1498165
Bowling Green,102,Saturday,Afternoon,52.30661375,27.85930878,98.20709706
Bowling Green,222,Saturday,Afternoon,46.76958606,24.92052081,87.77481808
Bowling Green,104,Saturday,Afternoon,76.13260725,40.49874736,143.1198312
Bowling Green,CL1,Saturday,Afternoon,113.3907435,59.79451973,215.0274099
Bowling Green,214,Saturday,Afternoon,35.58564377,18.91250032,66.95772748
Bowling Green,107,Saturday,Afternoon,85.70996523,45.57899669,161.1750735
Bowling Green,223,Saturday,Afternoon,60.34379306,31.94929913,113.9734974
Bowling Green,201,Saturday,Afternoon,45.8244538,24.09366582,87.15488052
Bowling Green,CL4,Saturday,Afternoon,92.45736779,48.89471044,174.832099
Bowling Green,207,Saturday,Afternoon,39.33321642,20.93083115,73.91497755
Bowling Green,206U,Saturday,Afternoon,50.54282689,26.786958,95.36645967
Bowling Green,225,Saturday,Afternoon,65.77359014,34.76756653,124.4310601
Bowling Green,106,Saturday,Afternoon,104.7813223,55.30872469,198.5062133
Bowling Green,224L,Saturday,Afternoon,75.90824739,40.28762491,143.0231252
Bowling Green,218,Saturday,Afternoon,43.58015339,23.13531817,82.09222606
Bowling Green,204U,Saturday,Afternoon,59.6124889,31.06791732,114.3832332
Bowling Green,208,Saturday,Afternoon,44.13062409,23.19189096,83.97383317
Bowling Green,224U,Saturday,Afternoon,60.39894813,31.79489925,114.7364206
Bowling Green,206L,Saturday,Afternoon,62.3105611,31.90124939,121.7070209
Bowling Green,130,Saturday,Afternoon,42.3657136,22.41499327,80.07380004
Bowling Green,229,Saturday,Afternoon,56.29261344,29.08812998,108.9399122
Bowling Green,203L,Saturday,Afternoon,56.22259411,29.30222589,107.8750843
Bowling Green,203U,Saturday,Afternoon,54.28172035,28.20820435,104.455609
Bowling Green,204L,Saturday,Afternoon,58.05752902,30.24031295,111.4630223
Bowling Green,226U,Saturday,Afternoon,65.92108472,34.40213452,126.3174356
Bowling Green,110,Saturday,Afternoon,44.77292456,23.13290124,86.6564359
Bowling Green,131,Saturday,Afternoon,43.32831766,23.00687595,81.59921908
Bowling Green,205U,Saturday,Afternoon,51.99413955,26.97060514,100.2347012
Bowling Green,205L,Saturday,Afternoon,47.75485518,24.05528257,94.8035504
Bowling Green,TT3,Saturday,Afternoon,95.21340791,39.15794453,231.5135065
Bowling Green,TT1,Saturday,Afternoon,416.1254774,171.1184461,1011.933061
Bowling Green,128,Saturday,Night,67.84375275,36.13659473,127.3715695
Bowling Green,123,Saturday,Night,65.27848895,34.69963946,122.8047664
Bowling Green,111,Saturday,Night,52.71007261,28.05879353,99.01893152
Bowling Green,228,Saturday,Night,48.75444629,25.94808781,91.60582662
Bowling Green,109,Saturday,Night,75.03110545,39.73072592,141.6955431
Bowling Green,217,Saturday,Night,42.15956877,22.38953746,79.38659929
Bowling Green,CL2,Saturday,Night,140.2792275,74.39125807,264.5238456
Bowling Green,108,Saturday,Night,83.10605919,44.13051364,156.5043437
Bowling Green,129,Saturday,Night,61.86184944,32.92343468,116.2360019
Bowling Green,211,Saturday,Night,39.68968005,21.06497089,74.78152762
Bowling Green,127,Saturday,Night,89.03680856,47.30809138,167.5728834
Bowling Green,122,Saturday,Night,57.87553095,30.68646472,109.1548705
Bowling Green,210,Saturday,Night,39.71386863,21.09545835,74.7644984
Bowling Green,216,Saturday,Night,37.05014312,19.63915275,69.89675792
Bowling Green,215,Saturday,Night,41.12352,21.84621937,77.41128423
Bowling Green,121,Saturday,Night,52.69614216,28.0003172,99.17328359
Bowling Green,213,Saturday,Night,38.25023561,20.34347913,71.91889424
Bowling Green,212,Saturday,Night,40.577057,21.57219188,76.32500043
Bowling Green,101,Saturday,Night,43.87140045,23.33618185,82.47706459
Bowling Green,103,Saturday,Night,67.15114171,35.67324913,126.4049657
Bowling Green,226L,Saturday,Night,74.87582452,39.29452717,142.6760799
Bowling Green,CL3,Saturday,Night,142.0848813,75.0891556,268.8552472
Bowling Green,132,Saturday,Night,58.0200669,30.79526407,109.3131774
Bowling Green,124,Saturday,Night,78.60037695,41.58192026,148.5746502
Bowling Green,202,Saturday,Night,45.13883791,23.9367645,85.12072248
Bowling Green,105,Saturday,Night,89.38477155,47.48295838,168.2632603
Bowling Green,219,Saturday,Night,33.68616965,17.89314323,63.4185962
Bowling Green,227,Saturday,Night,60.67327467,32.19431821,114.3445945
Bowling Green,221,Saturday,Night,49.61770318,26.12516123,94.23545552
Bowling Green,102,Saturday,Night,55.21024799,29.36247167,103.8118152
Bowling Green,222,Saturday,Night,49.36584994,26.26509449,92.78425176
Bowling Green,104,Saturday,Night,80.35886527,42.68400189,151.287296
Bowling Green,CL1,Saturday,Night,119.6852677,63.02220834,227.2938965
Bowling Green,214,Saturday,Night,37.56106688,19.93303413,70.77867504
Bowling Green,107,Saturday,Night,90.46787962,48.03840958,170.372777
Bowling Green,223,Saturday,Night,63.69358559,33.67360348,120.4763502
Bowling Green,201,Saturday,Night,48.36825169,25.39440252,92.1261199
Bowling Green,CL4,Saturday,Night,97.58984263,51.53369711,184.8067948
Bowling Green,207,Saturday,Night,41.51667404,22.06021041,78.13317241
Bowling Green,206U,Saturday,Night,53.34855015,28.23258572,100.8079044
Bowling Green,225,Saturday,Night,69.42480048,36.64410911,131.5300887
Bowling Green,106,Saturday,Night,110.597922,58.29414185,209.830696
Bowling Green,224L,Saturday,Night,80.12205078,42.46171166,151.1842733
Bowling Green,218,Saturday,Night,45.99936612,24.38378206,86.77659925
Bowling Green,204U,Saturday,Night,62.92168542,32.74581006,120.9051934
Bowling Green,208,Saturday,Night,46.58039444,24.44397028,88.76353232
Bowling Green,224U,Saturday,Night,63.75180242,33.51130922,121.2812154
Bowling Green,206L,Saturday,Night,65.76953247,33.6254204,128.6417047
Bowling Green,130,Saturday,Night,44.71751059,23.62520554,84.64077698
Bowling Green,229,Saturday,Night,59.4175177,30.65966457,115.1493814
Bowling Green,203L,Saturday,Night,59.34361147,30.88475618,114.0259681
Bowling Green,203U,Saturday,Night,57.29499631,29.73183838,110.4108182
Bowling Green,204L,Saturday,Night,61.28040692,31.87354863,117.8183301
Bowling Green,226U,Saturday,Night,69.58048275,36.25999204,133.5202604
Bowling Green,110,Saturday,Night,47.25835016,24.38270064,91.59574623
Bowling Green,131,Saturday,Night,45.73355053,24.25101272,86.24619798
Bowling Green,205U,Saturday,Night,54.88042779,28.42750268,105.9488548
Bowling Green,205L,Saturday,Night,50.40581312,25.35623379,100.202026
Bowling Green,TT3,Saturday,Night,100.4988755,41.28843075,244.6211637
Bowling Green,TT1,Saturday,Night,439.2253514,180.4285985,1069.225782
Bowling Green,128,Thursday,Night,97.55064588,51.98629674,183.0507097
Bowling Green,123,Thursday,Night,93.86212437,49.91900338,176.4878662
Bowling Green,111,Thursday,Night,75.79034795,40.36550941,142.304084
Bowling Green,228,Thursday,Night,70.10266285,37.32903261,131.6504338
Bowling Green,109,Thursday,Night,107.8851405,57.15656341,203.6372176
Bowling Green,217,Thursday,Night,60.62007181,32.20963026,114.0898879
Bowling Green,CL2,Thursday,Night,201.7036011,107.0192799,380.1590026
Bowling Green,108,Thursday,Night,119.495892,63.48623404,224.9191248
Bowling Green,129,Thursday,Night,88.94943341,47.36379634,167.0474564
Bowling Green,211,Thursday,Night,57.06868749,30.30409146,107.4717945
Bowling Green,127,Thursday,Night,128.0235516,68.05753558,240.8260838
Bowling Green,122,Thursday,Night,83.21761689,44.14554854,156.8713492
Bowling Green,210,Thursday,Night,57.10346758,30.34797112,107.447249
Bowling Green,216,Thursday,Night,53.27337072,28.25287922,100.4517807
Bowling Green,215,Thursday,Night,59.13036609,31.42801981,111.2510497
Bowling Green,121,Thursday,Night,75.77031774,40.28132594,142.5261189
Bowling Green,213,Thursday,Night,54.99895035,29.26620174,103.3576057
Bowling Green,212,Thursday,Night,58.34462213,31.03382207,109.6898385
Bowling Green,101,Thursday,Night,63.08146699,33.57151812,118.5311747
Bowling Green,103,Thursday,Night,96.55475972,51.31961589,181.6619525
Bowling Green,226L,Thursday,Night,107.6618664,56.52865116,205.0478338
Bowling Green,CL3,Thursday,Night,204.2999005,108.0229792,386.3849123
Bowling Green,132,Thursday,Night,83.42544111,44.30210431,157.0987278
Bowling Green,124,Thursday,Night,113.0172968,59.81964455,213.5236587
Bowling Green,202,Thursday,Night,64.90388007,34.43543372,122.3307853
Bowling Green,105,Thursday,Night,128.5238779,68.3090881,241.8182947
Bowling Green,219,Thursday,Night,48.43640678,25.74111324,91.14157108
Bowling Green,227,Thursday,Night,87.2404148,46.31477471,164.3296339
Bowling Green,221,Thursday,Night,71.34391592,37.58345029,135.4307361
Bowling Green,102,Thursday,Night,79.38528062,42.24095519,149.1922413
Bowling Green,222,Thursday,Night,70.98178315,37.78507006,133.3440306
Bowling Green,104,Thursday,Night,115.5457782,61.40529389,217.4214309
Bowling Green,CL1,Thursday,Night,172.0921189,90.66325539,326.6560113
Bowling Green,214,Thursday,Night,54.00801379,28.67568341,101.7191295
Bowling Green,107,Thursday,Night,130.0812489,69.10813843,244.8500524
Bowling Green,223,Thursday,Night,91.5832359,48.44273492,173.1423528
Bowling Green,201,Thursday,Night,69.54736436,36.53210518,132.3995938
Bowling Green,CL4,Thursday,Night,140.3217215,74.13613834,265.5949712
Bowling Green,207,Thursday,Night,59.69567135,31.73587372,112.2884849
Bowling Green,206U,Thursday,Night,76.70839706,40.61533687,144.8757694
Bowling Green,225,Thursday,Night,99.82399045,52.71602705,189.0284535
Bowling Green,106,Thursday,Night,159.0256772,83.86156017,301.5584967
Bowling Green,224L,Thursday,Night,115.2052693,61.08539578,217.2737672
Bowling Green,218,Thursday,Night,66.14120966,35.07850257,124.7105576
Bowling Green,204U,Thursday,Night,90.47334211,47.10744179,173.7607758
Bowling Green,208,Thursday,Night,66.97665413,35.16481085,127.5670789
Bowling Green,224U,Thursday,Night,91.66694425,48.20904181,174.2998482
Bowling Green,206L,Thursday,Night,94.5681822,48.37220103,184.8818308
Bowling Green,130,Thursday,Night,64.29806523,33.98758034,121.6397623
Bowling Green,229,Thursday,Night,85.43479676,44.10607667,165.4897703
Bowling Green,203L,Thursday,Night,85.32852905,44.43016951,163.8741862
Bowling Green,203U,Thursday,Night,82.38288228,42.77151243,158.6789642
Bowling Green,204L,Thursday,Night,88.11339338,45.85260503,169.3245147
Bowling Green,226U,Thursday,Night,100.0478417,52.16292398,191.8905202
Bowling Green,110,Thursday,Night,67.95146782,35.07622111,131.6390943
Bowling Green,131,Thursday,Night,65.75900082,34.88862645,123.9442944
Bowling Green,205U,Thursday,Night,78.91104132,40.89507129,152.2665751
Bowling Green,205L,Thursday,Night,72.47711729,36.47606388,144.0103995
Bowling Green,TT3,Thursday,Night,144.504539,59.38891403,351.6070657
Bowling Green,TT1,Thursday,Night,631.5499213,259.5268902,1536.855402
Duke,128,Saturday,Noon,41.18711978,22.04001626,76.96812998
Duke,123,Saturday,Noon,41.55858309,22.23156166,77.68756217
Duke,111,Saturday,Noon,28.5657853,15.28492928,53.38618681
Duke,228,Saturday,Noon,23.75495181,12.71082705,44.39504473
Duke,109,Saturday,Noon,42.88833763,22.93807378,80.19023402
Duke,217,Saturday,Noon,20.2897449,10.8556189,37.92264191
Duke,CL2,Saturday,Noon,99.8673965,53.41192468,186.7279066
Duke,108,Saturday,Noon,54.96167529,29.40417717,102.7332183
Duke,129,Saturday,Noon,34.82151504,18.63296494,65.07487741
Duke,211,Saturday,Noon,19.71651596,10.54356712,36.86996983
Duke,127,Saturday,Noon,58.33572561,31.20603358,109.0512472
Duke,122,Saturday,Noon,33.44473641,17.88621135,62.53702206
Duke,210,Saturday,Noon,19.25437619,10.30038548,35.99195418
Duke,216,Saturday,Noon,19.10077834,10.2169991,35.7090893
Duke,215,Saturday,Noon,23.4339757,12.53449212,43.81120605
Duke,121,Saturday,Noon,29.38526526,15.71940381,54.93171528
Duke,213,Saturday,Noon,19.40062484,10.37906834,36.26377933
Duke,212,Saturday,Noon,19.1369798,10.23665033,35.7757649
Duke,101,Saturday,Noon,24.52796712,13.12328226,45.84380333
Duke,103,Saturday,Noon,40.8662222,21.86023746,76.39661372
Duke,226L,Saturday,Noon,34.79444363,18.59959791,65.0902946
Duke,CL3,Saturday,Noon,103.0045789,55.06439926,192.6824483
Duke,132,Saturday,Noon,23.33724026,12.48487841,43.62291445
Duke,124,Saturday,Noon,52.95930514,28.31175911,99.0644202
Duke,202,Saturday,Noon,22.95393598,12.27893396,42.90952121
Duke,105,Saturday,Noon,65.74078258,35.1663371,122.8973743
Duke,219,Saturday,Noon,16.65399802,8.904465568,31.14792773
Duke,227,Saturday,Noon,26.03534922,13.92651045,48.67259546
Duke,221,Saturday,Noon,22.0125517,11.76880637,41.17260639
Duke,102,Saturday,Noon,31.98991362,17.11368724,59.79743343
Duke,222,Saturday,Noon,24.36701322,13.03428749,45.55303339
Duke,104,Saturday,Noon,48.57186418,25.98533007,90.79068781
Duke,CL1,Saturday,Noon,93.08467129,49.73969181,174.202045
Duke,214,Saturday,Noon,20.71224039,11.07880473,38.72230916
Duke,107,Saturday,Noon,69.43282393,37.14190858,129.7972351
Duke,223,Saturday,Noon,26.69221626,14.27284102,49.91819135
Duke,201,Saturday,Noon,19.01582798,10.16998689,35.55576992
Duke,CL4,Saturday,Noon,85.65164207,45.77144296,160.2790586
Duke,207,Saturday,Noon,23.36585969,12.49650705,43.68928027
Duke,206U,Saturday,Noon,22.16903192,11.84845514,41.47932963
Duke,225,Saturday,Noon,36.9822018,19.77432523,69.16459776
Duke,106,Saturday,Noon,76.22354549,40.74631897,142.5902765
Duke,224L,Saturday,Noon,44.21293899,23.64559414,82.67011443
Duke,218,Saturday,Noon,22.72504177,12.14998231,42.50438482
Duke,204U,Saturday,Noon,28.33187909,15.14850676,52.98841564
Duke,208,Saturday,Noon,20.34651236,10.87350963,38.07239604
Duke,224U,Saturday,Noon,23.93155375,12.79624145,44.75683483
Duke,206L,Saturday,Noon,30.12398889,16.07883915,56.4378248
Duke,130,Saturday,Noon,25.00101702,13.29795576,47.0035292
Duke,229,Saturday,Noon,19.88254133,10.61964545,37.22491975
Duke,203L,Saturday,Noon,29.16938627,15.55734101,54.69142154
Duke,203U,Saturday,Noon,25.49972267,13.62243049,47.73273439
Duke,204L,Saturday,Noon,33.22456127,17.69473855,62.384164
Duke,226U,Saturday,Noon,24.30233278,12.99519797,45.44781694
Duke,110,Saturday,Noon,31.01293781,16.54609277,58.12866669
Duke,131,Saturday,Noon,25.56907261,13.64691741,47.90660442
Duke,205U,Saturday,Noon,24.50445553,13.10075116,45.83464974
Duke,205L,Saturday,Noon,35.01397404,18.62589473,65.82118047
Duke,TT3,Saturday,Noon,56.1877006,23.1793632,136.2012266
Duke,TT1,Saturday,Noon,245.565559,101.2927286,595.3284565
Duke,128,Saturday,Afternoon,49.15250882,26.26973315,91.96778323
Duke,123,Saturday,Afternoon,49.59581133,26.49774793,92.82843616
Duke,111,Saturday,Afternoon,34.09026952,18.21868607,63.78870967
Duke,228,Saturday,Afternoon,28.34904418,15.15000232,53.04740482
Duke,109,Saturday,Afternoon,51.18273394,27.3409299,95.81503862
Duke,217,Saturday,Afternoon,24.21368308,12.93950732,45.31103337
Duke,CL2,Saturday,Afternoon,119.1812662,63.6631623,223.1144936
Duke,108,Saturday,Afternoon,65.59099651,35.04761921,122.7523843
Duke,129,Saturday,Afternoon,41.55582702,22.20841607,77.75821354
Duke,211,Saturday,Afternoon,23.52959444,12.56787761,44.0521329
Duke,127,Saturday,Afternoon,69.61757178,37.19493108,130.3028708
Duke,122,Saturday,Afternoon,39.91278609,21.31836821,74.72572375
Duke,210,Saturday,Afternoon,22.97807908,12.27810081,43.00275152
Duke,216,Saturday,Afternoon,22.79477616,12.17771785,42.66824265
Duke,215,Saturday,Afternoon,27.96599285,14.94093353,52.34590963
Duke,121,Saturday,Afternoon,35.06823293,18.73667505,65.6349623
Duke,213,Saturday,Afternoon,23.15261151,12.37121194,43.32990351
Duke,212,Saturday,Afternoon,22.8379788,12.2014698,42.74675789
Duke,101,Saturday,Afternoon,29.2715569,15.64172215,54.77811425
Duke,103,Saturday,Afternoon,48.76955121,26.05593223,91.28320967
Duke,226L,Saturday,Afternoon,41.52352013,22.1689426,77.77559603
Duke,CL3,Saturday,Afternoon,122.9251644,65.63230291,230.231081
Duke,132,Saturday,Afternoon,27.85054925,14.88077864,52.12449644
Duke,124,Saturday,Afternoon,63.20137769,33.74508659,118.3702443
Duke,202,Saturday,Afternoon,27.39311578,14.63559842,51.2710701
Duke,105,Saturday,Afternoon,78.45473082,41.9154058,146.8468376
Duke,219,Saturday,Afternoon,19.87480039,10.61442129,37.21424654
Duke,227,Saturday,Afternoon,31.07045939,16.59902533,58.15844168
Duke,221,Saturday,Afternoon,26.26967235,14.02688758,49.19806203
Duke,102,Saturday,Afternoon,38.17660764,20.3977612,71.45163415
Duke,222,Saturday,Afternoon,29.0794753,15.53516587,54.43236916
Duke,104,Saturday,Afternoon,57.96542694,30.97233861,108.4835977
Duke,CL1,Saturday,Afternoon,111.0867949,59.28661478,208.1460721
Duke,214,Saturday,Afternoon,24.71788714,13.20541836,46.26691317
Duke,107,Saturday,Afternoon,82.86079505,44.27042911,155.0902373
Duke,223,Saturday,Afternoon,31.85436132,17.0119657,59.64627212
Duke,201,Saturday,Afternoon,22.69339681,12.12173525,42.48486277
Duke,CL4,Saturday,Afternoon,102.2162539,54.55650853,191.510836
Duke,207,Saturday,Afternoon,27.88470353,14.89502243,52.20245183
Duke,206U,Saturday,Afternoon,26.45641508,14.12192888,49.56418524
Duke,225,Saturday,Afternoon,44.13438012,23.56789797,82.6481645
Duke,106,Saturday,Afternoon,90.9648092,48.56537056,170.3805905
Duke,224L,Saturday,Afternoon,52.76350677,28.18327721,98.78154434
Duke,218,Saturday,Afternoon,27.11995454,14.48121944,50.78936461
Duke,204U,Saturday,Afternoon,33.81112698,18.0557425,63.31461074
Duke,208,Saturday,Afternoon,24.28142908,12.9602987,45.49183718
Duke,224U,Saturday,Afternoon,28.55980008,15.25118598,53.4818854
Duke,206L,Saturday,Afternoon,35.94982212,19.16467251,67.43604461
Duke,130,Saturday,Afternoon,29.83609235,15.84945178,56.16550144
Duke,229,Saturday,Afternoon,23.72772831,12.65752923,44.47985703
Duke,203L,Saturday,Afternoon,34.81060399,18.54238665,65.35178954
Duke,203U,Saturday,Afternoon,30.43124526,16.23686795,57.03444106
Duke,204L,Saturday,Afternoon,39.65003015,21.09078466,74.54084407
Duke,226U,Saturday,Afternoon,29.00228597,15.48810721,54.30828831
Duke,110,Saturday,Afternoon,37.01068945,19.72208178,69.45469288
Duke,131,Saturday,Afternoon,30.51400714,16.26449697,57.24767467
Duke,205U,Saturday,Afternoon,29.24349828,15.61509052,54.7663935
Duke,205L,Saturday,Afternoon,41.78550667,22.20115026,78.64586055
Duke,TT3,Saturday,Afternoon,67.05412916,27.63774564,162.6853469
Duke,TT1,Saturday,Afternoon,293.0567461,120.7756641,711.0890846
Duke,128,Saturday,Night,51.88105303,27.76960835,96.92767827
Duke,123,Saturday,Night,52.34896406,28.01105041,97.83331927
Duke,111,Saturday,Night,35.98268172,19.2582788,67.23100219
Duke,228,Saturday,Night,29.92275064,16.01502288,55.90819398
Duke,109,Saturday,Night,54.0239796,28.90085257,100.986307
Duke,217,Saturday,Night,25.55782819,13.67721843,47.75843754
Duke,CL2,Saturday,Night,125.7972328,67.29624845,235.1534318
Duke,108,Saturday,Night,69.23207074,37.0479364,129.3750768
Duke,129,Saturday,Night,43.86266575,23.47733232,81.94855447
Duke,211,Saturday,Night,24.83576457,13.28400774,46.43291496
Duke,127,Saturday,Night,73.48216845,39.31828892,137.3312326
Duke,122,Saturday,Night,42.12841666,22.53608055,78.75386699
Duke,210,Saturday,Night,24.2536336,12.97747166,45.32768461
Duke,216,Saturday,Night,24.0601552,12.87312261,44.96897028
Duke,215,Saturday,Night,29.51843544,15.79271022,55.17343245
Duke,121,Saturday,Night,37.01493364,19.80547373,69.17811364
Duke,213,Saturday,Night,24.43785463,13.07705268,45.66845095
Duke,212,Saturday,Night,24.10575609,12.89758325,45.05398149
Duke,101,Saturday,Night,30.89647369,16.53486236,57.73208545
Duke,103,Saturday,Night,51.47683675,27.54314364,96.20778064
Duke,226L,Saturday,Night,43.82856545,23.43516604,81.96840365
Duke,CL3,Saturday,Night,129.7489615,69.37766019,242.6543784
Duke,132,Saturday,Night,29.39658335,15.73065127,54.93473204
Duke,124,Saturday,Night,66.70979989,35.67187796,124.7536619
Duke,202,Saturday,Night,28.91375693,15.47139362,54.03555494
Duke,105,Saturday,Night,82.80989409,44.30750334,154.7701414
Duke,219,Saturday,Night,20.97808633,11.21884372,39.22686838
Duke,227,Saturday,Night,32.79523649,17.5468022,61.29478889
Duke,221,Saturday,Night,27.72794913,14.82889091,51.84738141
Duke,102,Saturday,Night,40.29585982,21.56278506,75.30364531
Duke,222,Saturday,Night,30.6937293,16.42315841,57.36442376
Duke,104,Saturday,Night,61.18319209,32.74034007,114.3354952
Duke,CL1,Saturday,Night,117.2534227,62.66936057,219.3793749
Duke,214,Saturday,Night,26.09002153,13.95861217,48.76482098
Duke,107,Saturday,Night,87.46054688,46.79730899,163.4569898
Duke,223,Saturday,Night,33.62265423,17.9831575,62.86342528
Duke,201,Saturday,Night,23.9531481,12.81415882,44.7749487
Duke,CL4,Saturday,Night,107.8904621,57.66908749,201.8473382
Duke,207,Saturday,Night,29.4326336,15.74507472,55.01910507
Duke,206U,Saturday,Night,27.92505829,14.92912857,52.23405216
Duke,225,Saturday,Night,46.58435897,24.91526869,87.09930154
Duke,106,Saturday,Night,96.01442943,51.33929286,179.5655948
Duke,224L,Saturday,Night,55.69250397,29.7925204,104.1085131
Duke,218,Saturday,Night,28.62543202,15.30950802,53.52329788
Duke,204U,Saturday,Night,35.68804348,19.08713503,66.7274814
Duke,208,Saturday,Night,25.6293349,13.70055594,47.94424478
Duke,224U,Saturday,Night,30.14520597,16.12384296,56.35960641
Duke,206L,Saturday,Night,37.94546143,20.25863599,71.07379015
Duke,130,Saturday,Night,31.49234752,16.75453054,59.19401624
Duke,229,Saturday,Night,25.0448972,13.38092927,46.876182
Duke,203L,Saturday,Night,36.74300325,19.6019895,68.87302373
Duke,203U,Saturday,Night,32.12053844,17.1635734,60.11154937
Duke,204L,Saturday,Night,41.85107467,22.29527843,78.55979266
Duke,226U,Saturday,Night,30.61225505,16.37454888,57.22967799
Duke,110,Saturday,Night,39.06521941,20.84758457,73.20231091
Duke,131,Saturday,Night,32.20789458,17.19496901,60.32860384
Duke,205U,Saturday,Night,30.86685749,16.50701924,57.71865155
Duke,205L,Saturday,Night,44.10509533,23.4679328,82.89010585
Duke,TT3,Saturday,Night,70.77642453,29.20297412,171.5339763
Duke,TT1,Saturday,Night,309.3248534,127.6156224,749.7660797
Duke,128,Thursday,Night,74.59832375,39.91118264,139.432348
Duke,123,Thursday,Night,75.27112001,40.25781431,140.736441
Duke,111,Thursday,Night,51.73849765,27.67863944,96.71256224
Duke,228,Thursday,Night,43.02509122,23.01751464,80.42390778
Duke,109,Thursday,Night,77.67957828,41.53677932,145.27166
Duke,217,Thursday,Night,36.7488906,19.65724659,68.70143047
Duke,CL2,Thursday,Night,180.8803435,96.71989934,338.2726709
Duke,108,Thursday,Night,99.54686972,53.24562779,186.1106664
Duke,129,Thursday,Night,63.06890761,33.7412074,117.8881081
Duke,211,Thursday,Night,35.71065538,19.09256024,66.79308024
Duke,127,Thursday,Night,105.6579671,56.50874086,197.555384
Duke,122,Thursday,Night,60.57527906,32.38909168,113.2901308
Duke,210,Thursday,Night,34.87362544,18.65171211,65.20418848
Duke,216,Thursday,Night,34.59542823,18.50103214,64.69064243
Duke,215,Thursday,Night,42.44373764,22.69777531,79.36772833
Duke,121,Thursday,Night,53.22274398,28.4653346,99.51263588
Duke,213,Thursday,Night,35.13851175,18.79490737,65.69412575
Duke,212,Thursday,Night,34.6609965,18.53655582,64.81164514
Duke,101,Thursday,Night,44.42518053,23.76439025,83.04848743
Duke,103,Thursday,Night,74.0171124,39.58511269,138.398821
Duke,226L,Thursday,Night,63.01987573,33.68029813,117.9177429
Duke,CL3,Thursday,Night,186.5624244,99.71028161,349.0666924
Duke,132,Thursday,Night,42.26852991,22.60775306,79.027253
Duke,124,Thursday,Night,95.92016658,51.26759498,179.4638184
Duke,202,Thursday,Night,41.57428723,22.23571642,77.73175937
Duke,105,Thursday,Night,119.0700444,63.68059848,222.6372838
Duke,219,Thursday,Night,30.16380709,16.12426565,56.42770207
Duke,227,Thursday,Night,47.15535878,25.21856956,88.17422638
Duke,221,Thursday,Night,39.86924715,21.31113989,74.5880735
Duke,102,Thursday,Night,57.94029652,30.99002482,108.3276951
Duke,222,Thursday,Night,44.13366001,23.60332267,82.52143028
Duke,104,Thursday,Night,87.97361088,47.0546667,164.4758481
Duke,CL1,Thursday,Night,168.5954367,90.07035216,315.5802168
Duke,214,Thursday,Night,37.5141166,20.06186681,70.14845415
Duke,107,Thursday,Night,125.7570888,67.25755483,235.1385717
Duke,223,Thursday,Night,48.34507974,25.84578948,90.43046399
Duke,201,Thursday,Night,34.44156571,18.4165041,64.41078295
Duke,CL4,Thursday,Night,155.1326958,82.88330371,290.3618972
Duke,207,Thursday,Night,42.32036556,22.62982255,79.14394101
Duke,206U,Thursday,Night,40.15266494,21.45550071,75.14327089
Duke,225,Thursday,Night,66.98235462,35.80696303,125.3006525
Duke,106,Thursday,Night,138.0564787,73.78469813,258.3136041
Duke,224L,Thursday,Night,80.07870309,42.8172509,149.7667074
Duke,218,Thursday,Night,41.15971285,22.00174659,76.99943069
Duke,204U,Thursday,Night,51.31484551,27.43027158,95.99662046
Duke,208,Thursday,Night,36.8517081,19.69035826,68.97022249
Duke,224U,Thursday,Night,43.34495357,23.17143355,81.08194926
Duke,206L,Thursday,Night,54.56072403,29.11650788,102.2400289
Duke,130,Thursday,Night,45.28197095,24.08053056,85.1499882
Duke,229,Thursday,Night,36.01136138,19.22967222,67.43839073
Duke,203L,Thursday,Night,52.83174284,28.17174178,99.07775931
Duke,203U,Thursday,Night,46.1852292,24.66797617,86.47143901
Duke,204L,Thursday,Night,60.17649671,32.04249027,113.0127754
Duke,226U,Thursday,Night,44.01651045,23.53150626,82.33443159
Duke,110,Thursday,Night,56.17079289,29.9610084,105.3088044
Duke,131,Thursday,Night,46.31083616,24.71395579,86.78066613
Duke,205U,Thursday,Night,44.38259622,23.72276669,83.03478569
Duke,205L,Thursday,Night,63.41749035,33.72780375,119.2422167
Duke,TT3,Thursday,Night,101.7674531,41.97688468,246.7218467
Duke,TT1,Thursday,Night,444.7696068,183.4370178,1078.408303
Miami,128,Saturday,Noon,65.07883408,34.79049723,121.7359619
Miami,123,Saturday,Noon,65.66577483,35.09228534,122.8758384
Miami,111,Saturday,Noon,45.13614965,24.12754618,84.43759635
Miami,228,Saturday,Noon,37.53466073,20.06377092,70.21864242
Miami,109,Saturday,Noon,67.76688983,36.20845416,126.8309146
Miami,217,Saturday,Noon,32.05936587,17.13611241,59.9787697
Miami,CL2,Saturday,Noon,157.7982088,84.31043205,295.340376
Miami,108,Saturday,Noon,86.84369692,46.41509452,162.486531
Miami,129,Saturday,Noon,55.02068636,29.41145088,102.9284798
Miami,211,Saturday,Noon,31.15361981,16.64360532,58.31356902
Miami,127,Saturday,Noon,92.17495732,49.25891407,172.4809188
Miami,122,Saturday,Noon,52.84526967,28.23374152,98.91082002
Miami,210,Saturday,Noon,30.42340324,16.25983487,56.92453042
Miami,216,Saturday,Noon,30.18070676,16.1274534,56.47978251
Miami,215,Saturday,Noon,37.02749366,19.78637322,69.29189454
Miami,121,Saturday,Noon,46.43099135,24.81293919,86.88357884
Miami,213,Saturday,Noon,30.65448741,16.38400159,57.35458417
Miami,212,Saturday,Noon,30.23790786,16.1590183,56.58333044
Miami,101,Saturday,Noon,38.75608469,20.71469598,72.51055493
Miami,103,Saturday,Noon,64.57179109,34.50722236,120.8302471
Miami,226L,Saturday,Noon,54.97791144,29.35954085,102.9502049
Miami,CL3,Saturday,Noon,162.7551995,86.91874796,304.7588189
Miami,132,Saturday,Noon,36.87464418,19.7074831,68.99609538
Miami,124,Saturday,Noon,83.67979725,44.69035406,156.6850076
Miami,202,Saturday,Noon,36.26899379,19.38230668,67.86807845
Miami,105,Saturday,Noon,103.8755199,55.50940681,194.3836957
Miami,219,Saturday,Noon,26.31460465,14.0565304,49.26239964
Miami,227,Saturday,Noon,41.13786498,21.98323505,76.98247919
Miami,221,Saturday,Noon,34.78153382,18.57736518,65.11984253
Miami,102,Saturday,Noon,50.54653717,27.01369994,94.57987709
Miami,222,Saturday,Noon,38.50176509,20.57449018,72.04970341
Miami,104,Saturday,Noon,76.74730126,41.01900779,143.5955809
Miami,CL1,Saturday,Noon,147.0809785,78.51558166,275.5225622
Miami,214,Saturday,Noon,32.7269414,17.4887412,61.24241199
Miami,107,Saturday,Noon,109.7092308,58.62883645,205.2934365
Miami,223,Saturday,Noon,42.17576569,22.5302998,78.95124466
Miami,201,Saturday,Noon,30.04647863,16.05312902,56.23768905
Miami,CL4,Saturday,Noon,135.3362176,72.25173575,253.5010625
Miami,207,Saturday,Noon,36.91986509,19.72591723,69.10078869
Miami,206U,Saturday,Noon,35.02878467,18.70264863,65.60652344
Miami,225,Saturday,Noon,58.43473853,31.21338432,109.3959768
Miami,106,Saturday,Noon,120.4390959,64.31783471,225.5296046
Miami,224L,Saturday,Noon,69.8598624,37.32413431,130.7572289
Miami,218,Saturday,Noon,35.90732323,19.17741755,67.23198564
Miami,204U,Saturday,Noon,44.76655975,23.91307204,83.80541274
Miami,208,Saturday,Noon,32.14906283,17.16474389,60.21425356
Miami,224U,Saturday,Noon,37.81370545,20.19793949,70.79317772
Miami,206L,Saturday,Noon,47.59823181,25.38012869,89.26635872
Miami,130,Saturday,Noon,39.50354011,20.99102118,74.34272341
Miami,229,Saturday,Noon,31.41595273,16.76326181,58.87649415
Miami,203L,Saturday,Noon,46.08988586,24.55751616,86.50213502
Miami,203U,Saturday,Noon,40.29153361,21.50310674,75.49642479
Miami,204L,Saturday,Noon,52.49737593,27.93146937,98.66915493
Miami,226U,Saturday,Noon,38.39956499,20.51212836,71.88559694
Miami,110,Saturday,Noon,49.00283984,26.11829568,91.93855304
Miami,131,Saturday,Noon,40.40111187,21.54311088,75.76667315
Miami,205U,Saturday,Noon,38.71893457,20.6805689,72.49103743
Miami,205L,Saturday,Noon,55.32478648,29.40210066,104.1024937
Miami,TT3,Saturday,Noon,88.78091171,36.59884109,215.3633844
Miami,TT1,Saturday,Noon,388.0125717,159.9352315,941.3420322
Miami,128,Saturday,Afternoon,77.6647647,41.44009196,145.5550746
Miami,123,Saturday,Afternoon,78.36521694,41.79912111,146.91953
Miami,111,Saturday,Afternoon,53.8652619,28.73975781,100.9565376
Miami,228,Saturday,Afternoon,44.79368192,23.89834628,83.95869392
Miami,109,Saturday,Afternoon,80.87267738,43.13033587,151.6424534
Miami,217,Saturday,Afternoon,38.25949161,20.41229221,71.71113771
Miami,CL2,Saturday,Afternoon,188.3156164,100.4263929,353.1220266
Miami,108,Saturday,Afternoon,103.6388464,55.28726927,194.2763789
Miami,129,Saturday,Afternoon,65.66142003,35.03228562,123.0699626
Miami,211,Saturday,Afternoon,37.17857866,19.82614601,69.71837646
Miami,127,Saturday,Afternoon,110.0011466,58.67410858,206.2281397
Miami,122,Saturday,Afternoon,63.06528831,33.62951829,118.2660588
Miami,210,Saturday,Afternoon,36.30714175,19.36913266,68.05717968
Miami,216,Saturday,Afternoon,36.01750895,19.20989006,67.53088889
Miami,215,Saturday,Afternoon,44.1884312,23.56967571,82.84447677
Miami,121,Saturday,Afternoon,55.4105197,29.55637211,103.8803302
Miami,213,Saturday,Afternoon,36.58291648,19.51597388,68.57509577
Miami,212,Saturday,Afternoon,36.08577247,19.24800387,67.65288407
Miami,101,Saturday,Afternoon,46.25132335,24.67386021,86.69842873
Miami,103,Saturday,Afternoon,77.05966206,41.10344222,144.4694458
Miami,226L,Saturday,Afternoon,65.61037265,34.97095531,123.094178
Miami,CL3,Saturday,Afternoon,194.2312651,103.5325681,364.3856712
Miami,132,Saturday,Afternoon,44.00602138,23.47410042,82.49644853
Miami,124,Saturday,Afternoon,99.86306385,53.23218091,187.3421556
Miami,202,Saturday,Afternoon,43.28324113,23.08722602,81.1461265
Miami,105,Saturday,Afternoon,123.9645413,66.11951139,232.4156239
Miami,219,Saturday,Afternoon,31.40372146,16.74492161,58.89509334
Miami,227,Saturday,Afternoon,49.09372838,26.18474757,92.04572851
Miami,221,Saturday,Afternoon,41.50811363,22.12736878,77.86391207
Miami,102,Saturday,Afternoon,60.3219921,32.1765495,113.0867911
Miami,222,Saturday,Afternoon,45.94781957,24.50610208,86.15005831
Miami,104,Saturday,Afternoon,91.58985679,48.85930862,171.6909654
Miami,CL1,Saturday,Afternoon,175.5257258,93.52470586,329.4239755
Miami,214,Saturday,Afternoon,39.05617301,20.83215668,73.2225988
Miami,107,Saturday,Afternoon,130.9264635,69.83566309,245.4582383
Miami,223,Saturday,Afternoon,50.33235405,26.8366114,94.39887275
Miami,201,Saturday,Afternoon,35.85732175,19.12144476,67.24112843
Miami,CL4,Saturday,Afternoon,161.5095851,86.06313292,303.0954742
Miami,207,Saturday,Afternoon,44.05998779,23.4966682,82.61948066
Miami,206U,Saturday,Afternoon,41.8031816,22.27677603,78.44519286
Miami,225,Saturday,Afternoon,69.73573332,37.17721123,130.8078885
Miami,106,Saturday,Afternoon,143.7314325,76.61019457,269.6602559
Miami,224L,Saturday,Afternoon,83.37042068,44.45776467,156.3422519
Miami,218,Saturday,Afternoon,42.85162525,22.84212343,80.38927696
Miami,204U,Saturday,Afternoon,53.42419511,28.48377443,100.2024724
Miami,208,Saturday,Afternoon,38.36653553,20.44558075,71.99556064
Miami,224U,Saturday,Afternoon,45.12669254,24.05719937,84.6490212
Miami,206L,Saturday,Afternoon,56.8034988,30.23138363,106.731386
Miami,130,Saturday,Afternoon,47.14333302,25.00241682,88.89116057
Miami,229,Saturday,Afternoon,37.49164549,19.96708326,70.39703613
Miami,203L,Saturday,Afternoon,55.00344606,29.25044987,103.4301726
Miami,203U,Saturday,Afternoon,48.08372063,25.61332425,90.26724401
Miami,204L,Saturday,Afternoon,62.6501136,33.27061364,117.9730791
Miami,226U,Saturday,Afternoon,45.82585446,24.43109669,85.95639255
Miami,110,Saturday,Afternoon,58.47975121,31.11141505,109.9236822
Miami,131,Saturday,Afternoon,48.2144908,25.6585437,90.59895019
Miami,205U,Saturday,Afternoon,46.20698857,24.63357612,86.67380577
Miami,205L,Saturday,Afternoon,66.02433163,35.02318146,124.4664872
Miami,TT3,Saturday,Afternoon,105.9507091,43.61816884,257.3595604
Miami,TT1,Saturday,Afternoon,463.0523197,190.6093997,1124.904916
Miami,128,Saturday,Night,81.97607553,43.8511465,153.2474632
Miami,123,Saturday,Night,82.71541114,44.23168214,154.6818685
Miami,111,Saturday,Night,56.85541951,30.41092632,106.2953063
Miami,228,Saturday,Night,47.28025981,25.28883151,88.39566061
Miami,109,Saturday,Night,85.36206522,45.63794023,159.6628187
Miami,217,Saturday,Night,40.38334483,21.59821943,75.50689746
Miami,CL2,Saturday,Night,198.7693551,106.2664745,371.7941781
Miami,108,Saturday,Night,109.3920252,58.5027993,204.5477365
Miami,129,Saturday,Night,69.3064036,37.07197035,129.5689853
Miami,211,Saturday,Night,39.24242846,20.97738194,73.41088589
Miami,127,Saturday,Night,116.1075082,62.08736891,217.1287607
Miami,122,Saturday,Night,66.56615594,35.58695092,124.5134242
Miami,210,Saturday,Night,38.32261651,20.49345454,71.66302459
Miami,216,Saturday,Night,38.01690568,20.32772157,71.0992185
Miami,215,Saturday,Night,46.64141053,24.93896922,87.22979514
Miami,121,Saturday,Night,58.48645736,31.274456,109.3757057
Miami,213,Saturday,Night,38.6137,20.65065876,72.20194981
Miami,212,Saturday,Night,38.08895863,20.36703607,71.23121716
Miami,101,Saturday,Night,48.81881753,26.10953252,91.27995467
Miami,103,Saturday,Night,81.33738255,43.49416692,152.1070587
Miami,226L,Saturday,Night,69.25252249,37.00632248,129.5970945
Miami,CL3,Saturday,Night,205.0133921,109.5530367,383.6542754
Miami,132,Saturday,Night,46.4488748,24.84024907,86.85492502
Miami,124,Saturday,Night,105.4066422,56.32940058,197.2426496
Miami,202,Saturday,Night,45.68597173,24.43073893,85.4336833
Miami,105,Saturday,Night,130.846036,69.96472106,244.7045436
Miami,219,Saturday,Night,33.14699854,17.71661183,62.01657082
Miami,227,Saturday,Night,51.81900958,27.7082851,96.90999439
Miami,221,Saturday,Night,43.81230371,23.4165331,81.97276461
Miami,102,Saturday,Night,63.67057442,34.04926361,119.0610785
Miami,222,Saturday,Night,48.49846571,25.93348151,90.69747058
Miami,104,Saturday,Night,96.67417454,51.70142569,180.7666984
Miami,CL1,Saturday,Night,185.2694747,98.96238081,346.8467306
Miami,214,Saturday,Night,41.22425145,22.0429782,77.09661063
Miami,107,Saturday,Night,138.194427,73.89759777,258.4346479
Miami,223,Saturday,Night,53.12639359,28.39780542,99.38844407
Miami,201,Saturday,Night,37.8478262,20.23446426,70.79297626
Miami,CL4,Saturday,Night,170.4752728,91.06655216,319.127253
Miami,207,Saturday,Night,46.50583699,24.86311981,86.98799229
Miami,206U,Saturday,Night,44.12375143,23.57425491,82.58608586
Miami,225,Saturday,Night,73.60688935,39.34295853,137.7114066
Miami,106,Saturday,Night,151.7102229,81.06905509,283.9060071
Miami,224L,Saturday,Night,87.99846275,47.0445234,164.6042703
Miami,218,Saturday,Night,45.23039607,24.17340868,84.62971672
Miami,204U,Saturday,Night,56.3898683,30.14175654,105.4954194
Miami,208,Saturday,Night,40.49633095,21.63554881,75.79899338
Miami,224U,Saturday,Night,47.63175644,25.45982513,89.11232541
Miami,206L,Saturday,Night,59.95676323,31.98977134,112.3738403
Miami,130,Saturday,Night,49.76034426,26.45707787,93.58901512
Miami,229,Saturday,Night,39.57287419,21.12986662,74.11368942
Miami,203L,Saturday,Night,58.05678632,30.95357587,108.891795
Miami,203U,Saturday,Night,50.75293448,27.10293732,95.03989652
Miami,204L,Saturday,Night,66.12793414,35.2065744,124.2070195
Miami,226U,Saturday,Night,48.3697301,25.85588469,90.4873617
Miami,110,Saturday,Night,61.72606742,32.92053027,115.7365136
Miami,131,Saturday,Night,50.89096393,27.15420341,95.37713814
Miami,205U,Saturday,Night,48.77202165,26.0673678,91.25240851
Miami,205L,Saturday,Night,69.68946108,37.05928295,131.0500528
Miami,TT3,Saturday,Night,111.8322236,46.12196024,271.160336
Miami,TT1,Saturday,Night,488.7571871,201.5508072,1185.227642
Miami,128,Thursday,Night,117.8711199,62.97480771,220.6215693
Miami,123,Thursday,Night,118.93419,63.52073362,222.6885734
Miami,111,Thursday,Night,81.75082701,43.67350141,153.0263776
Miami,228,Thursday,Night,67.98297108,36.31790032,127.2563754
Miami,109,Thursday,Night,122.7397403,65.54046938,229.8586506
Miami,217,Thursday,Night,58.06608878,31.01730053,108.7029048
Miami,CL2,Thursday,Night,285.8049295,152.6098693,535.2501652
Miami,108,Thursday,Night,157.2917517,84.01518146,294.4788635
Miami,129,Thursday,Night,99.65375087,53.23762377,186.5385673
Miami,211,Thursday,Night,56.42559686,30.12643421,105.6828684
Miami,127,Thursday,Night,166.947758,89.16317609,312.5904116
Miami,122,Thursday,Night,95.71362494,51.10607702,179.2565294
Miami,210,Thursday,Night,55.10302483,29.43099808,103.1682085
Miami,216,Thursday,Night,54.66345173,29.19188035,102.3604139
Miami,215,Thursday,Night,67.06438746,35.81511924,125.5791454
Miami,121,Thursday,Night,84.09605098,44.91403435,157.4595979
Miami,213,Thursday,Night,55.52156568,29.65687501,103.9436642
Miami,212,Thursday,Night,54.76705465,29.24891767,102.5484194
Miami,101,Thursday,Night,70.19522045,37.49612179,131.4100963
Miami,103,Thursday,Night,116.952761,62.46124705,218.9829527
Miami,226L,Thursday,Night,99.57627671,53.14292818,186.5805145
Miami,CL3,Thursday,Night,294.7830567,157.3281174,552.3300726
Miami,132,Thursday,Night,66.7875457,35.67203392,125.0440687
Miami,124,Thursday,Night,151.5612803,80.89351476,283.9636991
Miami,202,Thursday,Night,65.69058858,35.08484269,122.9948062
Miami,105,Thursday,Night,188.1398774,100.4778268,352.2828329
Miami,219,Thursday,Night,47.66114765,25.44333204,89.28016941
Miami,227,Thursday,Night,74.50911319,39.7917823,139.5164435
Miami,221,Thursday,Night,62.99649342,33.62653944,118.018632
Miami,102,Thursday,Night,91.55014878,48.89742937,171.408392
Miami,222,Thursday,Night,69.73459548,37.24247756,130.5743905
Miami,104,Thursday,Night,139.0051078,74.24773719,260.2425438
Miami,CL1,Thursday,Night,266.3938267,142.1211001,499.3324065
Miami,214,Thursday,Night,59.27520504,31.65633453,110.9904221
Miami,107,Thursday,Night,198.7059245,106.1235509,372.0573246
Miami,223,Thursday,Night,76.38896431,40.78214674,143.0840291
Miami,201,Thursday,Night,54.42033704,29.0582987,101.9183234
Miami,CL4,Thursday,Night,245.1216552,130.7810028,459.4293097
Miami,207,Thursday,Night,66.86945004,35.70700139,125.2281955
Miami,206U,Thursday,Night,63.44431544,33.85352799,118.899902
Miami,225,Thursday,Night,105.8372998,56.49766137,198.2654459
Miami,106,Thursday,Night,218.1399116,116.421496,408.7305411
Miami,224L,Thursday,Night,126.530543,67.5588149,236.9783772
Miami,218,Thursday,Night,65.03552901,34.71326361,121.8444938
Miami,204U,Thursday,Night,81.08142387,43.28320834,151.8879387
Miami,208,Thursday,Night,58.22854839,31.0702737,109.1256511
Miami,224U,Thursday,Night,68.48837832,36.55959219,128.3017037
Miami,206L,Thursday,Night,86.21016292,45.94123479,161.7760651
Miami,130,Thursday,Night,71.54901557,37.99618118,134.7309511
Miami,229,Thursday,Night,56.90073559,30.34202007,106.7065971
Miami,203L,Thursday,Night,83.47823895,44.45158318,156.7686881
Miami,203U,Thursday,Night,72.97623345,38.92280598,136.8228861
Miami,204L,Thursday,Night,95.083518,50.55926492,178.8173821
Miami,226U,Thursday,Night,69.54949013,37.12798172,130.2826427
Miami,110,Thursday,Night,88.75419623,47.27485638,166.627843
Miami,131,Thursday,Night,73.17470216,38.99781724,137.3035061
Miami,205U,Thursday,Night,70.12793396,37.43306774,131.3792168
Miami,205L,Thursday,Night,100.2045386,53.21995133,188.6688976
Miami,TT3,Thursday,Night,160.8004451,66.25997009,390.2323396
Miami,TT1,Thursday,Night,702.7703709,289.5529998,1705.68495
Virginia,128,Saturday,Noon,43.35801367,23.20695619,81.00663155
Virginia,123,Saturday,Noon,43.74905609,23.40860868,81.7639329
Virginia,111,Saturday,Noon,30.07143292,16.09403209,56.18797532
Virginia,228,Saturday,Noon,25.00702964,13.38377125,46.72461297
Virginia,109,Saturday,Noon,45.14889944,24.15232532,84.39862803
Virginia,217,Saturday,Noon,21.35917834,11.43017214,39.91317836
Virginia,CL2,Saturday,Noon,105.1312149,56.23940466,196.5271934
Virginia,108,Saturday,Noon,57.85859951,30.96085977,108.1241788
Virginia,129,Saturday,Noon,36.65689014,19.61958208,68.48910384
Virginia,211,Saturday,Noon,20.75573561,11.10162607,38.80517662
Virginia,127,Saturday,Noon,61.41048954,32.85824593,114.7732667
Virginia,122,Saturday,Noon,35.20754416,18.83325042,65.81822775
Virginia,210,Saturday,Noon,20.26923733,10.84560684,37.88095845
Virginia,216,Saturday,Noon,20.10754364,10.75780908,37.58323915
Virginia,215,Saturday,Noon,24.6691355,13.19798193,46.11055309
Virginia,121,Saturday,Noon,30.93410609,16.55142886,57.8148828
Virginia,213,Saturday,Noon,20.42319447,10.92856671,38.16665837
Virginia,212,Saturday,Noon,20.14565321,10.77860536,37.65304782
Virginia,101,Saturday,Noon,25.8207891,13.81810931,48.24923114
Virginia,103,Saturday,Noon,43.0202022,23.01767806,80.40506049
Virginia,226L,Saturday,Noon,36.62839185,19.584304,68.50583455
Virginia,CL3,Saturday,Noon,108.4337521,57.9792087,202.7947409
Virginia,132,Saturday,Noon,24.56730132,13.14592538,45.91173895
Virginia,124,Saturday,Noon,55.75068828,29.8107524,104.2623548
Virginia,202,Saturday,Noon,24.16379381,12.92905129,45.16100358
Virginia,105,Saturday,Noon,69.20585282,37.02768352,129.3478179
Virginia,219,Saturday,Noon,17.53179823,9.375761425,32.78282533
Virginia,227,Saturday,Noon,27.40762242,14.66382016,51.22660797
Virginia,221,Saturday,Noon,23.17279097,12.3923532,43.33141841
Virginia,102,Saturday,Noon,33.67604046,18.01982279,62.93489753
Virginia,222,Saturday,Noon,25.65135164,13.72451163,47.94282366
Virginia,104,Saturday,Noon,51.13199374,27.36109618,95.55467977
Virginia,CL1,Saturday,Noon,97.99098532,52.37318063,183.3425637
Virginia,214,Saturday,Noon,21.80394275,11.66530238,40.75435887
Virginia,107,Saturday,Noon,73.09249457,39.10828197,136.6082194
Virginia,223,Saturday,Noon,28.09911166,15.02853585,52.53739179
Virginia,201,Saturday,Noon,20.01811571,10.70839442,37.42157237
Virginia,CL4,Saturday,Noon,90.16617543,48.1947952,168.6891532
Virginia,207,Saturday,Noon,24.59742922,13.15800344,45.98216796
Virginia,206U,Saturday,Noon,23.33751897,12.47574309,43.6558999
Virginia,225,Saturday,Noon,38.93146255,20.82138197,72.7933803
Virginia,106,Saturday,Noon,80.24114201,42.9037676,150.071689
Virginia,224L,Saturday,Noon,46.54331798,24.89724885,87.00882825
Virginia,218,Saturday,Noon,23.92283503,12.7934047,44.73414615
Virginia,204U,Saturday,Noon,29.82519796,15.95067814,55.7683144
Virginia,208,Saturday,Noon,21.4189379,11.44936192,40.06956054
Virginia,224U,Saturday,Noon,25.19293993,13.47361678,47.10570539
Virginia,206L,Saturday,Noon,31.71176642,16.92977877,59.40042945
Virginia,130,Saturday,Noon,26.31877255,14.0025122,49.4681082
Virginia,229,Saturday,Noon,20.93051185,11.18214524,39.17730604
Virginia,203L,Saturday,Noon,30.70684853,16.38124281,57.56037913
Virginia,203U,Saturday,Noon,26.84376402,14.3435206,50.23785213
Virginia,204L,Saturday,Noon,34.97576401,18.63158154,65.65755385
Virginia,226U,Saturday,Noon,25.58326201,13.68319305,47.8326435
Virginia,110,Saturday,Noon,32.64757013,17.4221439,61.17868394
Virginia,131,Saturday,Noon,26.91676926,14.36988852,50.41879527
Virginia,205U,Saturday,Noon,25.79603826,13.79447128,48.23929649
Virginia,205L,Saturday,Noon,36.85949329,19.61193807,69.27526696
Virginia,TT3,Saturday,Noon,59.14924626,24.405,143.3572355
Virginia,TT1,Saturday,Noon,258.5088474,106.6487016,626.6070113
Virginia,128,Saturday,Afternoon,51.74324305,27.66546956,96.7763513
Virginia,123,Saturday,Afternoon,52.20991118,27.90555513,97.6821573
Virginia,111,Saturday,Afternoon,35.88710208,19.18644882,67.1246726
Virginia,228,Saturday,Afternoon,29.84326779,15.95487841,55.82121091
Virginia,109,Saturday,Afternoon,53.88047743,28.79329379,100.8257641
Virginia,217,Saturday,Afternoon,25.48993975,13.62674226,47.68102429
Virginia,CL2,Saturday,Afternoon,125.4630816,67.04505498,234.7821901
Virginia,108,Saturday,Afternoon,69.04817181,36.90953681,129.1712235
Virginia,129,Saturday,Afternoon,43.74615476,23.38845161,81.82354641
Virginia,211,Saturday,Afternoon,24.76979412,13.23539883,46.35619285
Virginia,127,Saturday,Afternoon,73.28698012,39.17108815,137.1159625
Virginia,122,Saturday,Afternoon,42.0165123,22.45106338,78.63268104
Virginia,210,Saturday,Afternoon,24.18920945,12.93027264,45.25178006
Virginia,216,Saturday,Afternoon,23.99624498,12.8245595,44.89977009
Virginia,215,Saturday,Afternoon,29.44002656,15.73456016,55.08353302
Virginia,121,Saturday,Afternoon,36.91661205,19.73186058,69.06780231
Virginia,213,Saturday,Afternoon,24.37294114,13.02846273,45.5955758
Virginia,212,Saturday,Afternoon,24.04172475,12.8496982,44.98195363
Virginia,101,Saturday,Afternoon,30.81440438,16.47277679,57.64222567
Virginia,103,Saturday,Afternoon,51.34010048,27.44032968,96.05591288
Virginia,226L,Saturday,Afternoon,43.71214503,23.34670263,81.84246203
Virginia,CL3,Saturday,Afternoon,129.4043135,69.11861427,242.2715866
Virginia,132,Saturday,Afternoon,29.31849814,15.67142829,54.84977614
Virginia,124,Saturday,Afternoon,66.53260078,35.53797061,124.5593626
Virginia,202,Saturday,Afternoon,28.83695424,15.41319082,53.95183514
Virginia,105,Saturday,Afternoon,82.58992882,44.14171123,154.5272295
Virginia,219,Saturday,Afternoon,20.92236291,11.17817905,39.16069581
Virginia,227,Saturday,Afternoon,32.70812356,17.48088715,61.19948819
Virginia,221,Saturday,Afternoon,27.65429626,14.77265821,51.76861815
Virginia,102,Saturday,Afternoon,40.18882322,21.48154448,75.1874016
Virginia,222,Saturday,Afternoon,30.61219853,16.36068749,57.27795358
Virginia,104,Saturday,Afternoon,61.02067314,32.61785063,114.1559753
Virginia,CL1,Saturday,Afternoon,116.9419662,62.43648676,219.0293557
Virginia,214,Saturday,Afternoon,26.02071944,13.90693209,48.68635553
Virginia,107,Saturday,Afternoon,87.22822823,46.62236819,163.1998565
Virginia,223,Saturday,Afternoon,33.53334345,17.91582303,62.76491576
Virginia,201,Saturday,Afternoon,23.88952212,12.76570514,44.70644284
Virginia,CL4,Saturday,Afternoon,107.6038761,57.45503031,201.5244633
Virginia,207,Saturday,Afternoon,29.35445264,15.68622995,54.93250399
Virginia,206U,Saturday,Afternoon,27.85088185,14.87218137,52.15587416
Virginia,225,Saturday,Afternoon,46.46061843,24.82016857,86.96915408
Virginia,106,Saturday,Afternoon,95.75938938,51.14577216,179.2887323
Virginia,224L,Saturday,Afternoon,55.54456976,29.68032633,103.9476182
Virginia,218,Saturday,Afternoon,28.5493952,15.25076461,53.44440015
Virginia,204U,Saturday,Afternoon,35.59324647,19.01519083,66.62458484
Virginia,208,Saturday,Afternoon,25.56125652,13.64905227,47.86983169
Virginia,224U,Saturday,Afternoon,30.06513223,16.06132586,56.27880187
Virginia,206L,Saturday,Afternoon,37.84466812,20.18244683,70.96359113
Virginia,130,Saturday,Afternoon,31.40869541,16.69208823,59.10022364
Virginia,229,Saturday,Afternoon,24.97837124,13.33029984,46.80457585
Virginia,203L,Saturday,Afternoon,36.64540399,19.52777681,68.76797327
Virginia,203U,Saturday,Afternoon,32.03521768,17.09933967,60.01723997
Virginia,204L,Saturday,Afternoon,41.739907,22.21129356,78.43846785
Virginia,226U,Saturday,Afternoon,30.5309407,16.31093699,57.14805598
Virginia,110,Saturday,Afternoon,38.96145172,20.76991203,73.08623734
Virginia,131,Saturday,Afternoon,32.12234178,17.12912672,60.23919716
Virginia,205U,Saturday,Afternoon,30.78486685,16.44482922,57.62954508
Virginia,205L,Saturday,Afternoon,43.98794037,23.38052497,82.75857369
Virginia,TT3,Saturday,Afternoon,70.58842338,29.10273363,171.2115975
Virginia,TT1,Saturday,Afternoon,308.5032037,127.1775889,748.3569039
Virginia,128,Saturday,Night,54.61560358,29.23165152,102.0422726
Virginia,123,Saturday,Night,55.1081773,29.48576608,102.9958386
Virginia,111,Saturday,Night,37.87925969,20.27198334,70.77937517
Virginia,228,Saturday,Night,31.49992128,16.8581378,58.85852
Virginia,109,Saturday,Night,56.87147969,30.42216314,106.3160823
Virginia,217,Saturday,Night,26.90493217,14.39704382,50.27944517
Virginia,CL2,Saturday,Night,132.427763,70.83873132,247.5638974
Virginia,108,Saturday,Night,72.88116007,38.99827312,136.2025307
Virginia,129,Saturday,Night,46.17458252,24.71347779,86.27244166
Virginia,211,Saturday,Night,26.14480996,13.98316907,48.88384632
Virginia,127,Saturday,Night,77.35527226,41.38832079,144.5779397
Virginia,122,Saturday,Night,44.3489245,23.72262549,82.909335
Virginia,210,Saturday,Night,25.53199599,13.66053958,47.72013689
Virginia,216,Saturday,Night,25.32831971,13.55070185,47.34247619
Virginia,215,Saturday,Night,31.07429541,16.62397462,58.08549743
Virginia,121,Saturday,Night,38.96591961,20.8478872,72.8295811
Virginia,213,Saturday,Night,25.72592696,13.76550299,48.07839702
Virginia,212,Saturday,Night,25.37632415,13.57658191,47.43151342
Virginia,101,Saturday,Night,32.52496741,17.40540349,60.77845339
Virginia,103,Saturday,Night,54.19008183,28.99329282,101.2842862
Virginia,226L,Saturday,Night,46.13868486,24.66892092,86.29393428
Virginia,CL3,Saturday,Night,136.5877798,73.02953769,255.4613129
Virginia,132,Saturday,Night,30.94602073,16.55887878,57.83339631
Virginia,124,Saturday,Night,70.22594517,37.5499683,131.3365523
Virginia,202,Saturday,Night,30.43774546,16.28593967,56.88688326
Virginia,105,Saturday,Night,87.17464438,46.63952149,162.9394638
Virginia,219,Saturday,Night,22.08380092,11.80930335,41.29746256
Virginia,227,Saturday,Night,34.52381035,18.47056587,64.52934302
Virginia,221,Saturday,Night,29.18943601,15.61016652,54.58129954
Virginia,102,Saturday,Night,42.41977711,22.69808191,79.2770727
Virginia,222,Saturday,Night,32.31153675,17.28795747,60.39090559
Virginia,104,Saturday,Night,64.4080405,34.46401067,120.3689182
Virginia,CL1,Saturday,Night,123.4336252,65.96882242,230.9554615
Virginia,214,Saturday,Night,27.4651764,14.69341498,51.33836589
Virginia,107,Saturday,Night,92.07042413,49.26095148,172.0828109
Virginia,223,Saturday,Night,35.39483969,18.9299586,66.18052912
Virginia,201,Saturday,Night,25.21567248,13.48874375,47.13783213
Virginia,CL4,Saturday,Night,113.5771609,60.70524393,212.4984703
Virginia,207,Saturday,Night,30.98397112,16.57385442,57.92294551
Virginia,206U,Saturday,Night,29.39693442,15.71508444,54.99046195
Virginia,225,Saturday,Night,49.03973096,26.22713995,91.69490907
Virginia,106,Saturday,Night,101.0751654,54.0423795,189.0403264
Virginia,224L,Saturday,Night,58.62794877,31.36070475,109.6032887
Virginia,218,Saturday,Night,30.1342235,16.1157018,56.34699853
Virginia,204U,Saturday,Night,37.56909163,20.09220303,70.24797846
Virginia,208,Saturday,Night,26.98020786,14.42206051,50.47348235
Virginia,224U,Saturday,Night,31.73410182,16.97257751,59.33413574
Virginia,206L,Saturday,Night,39.94549374,21.32478294,74.82573091
Virginia,130,Saturday,Night,33.15224861,17.63728933,62.31522128
Virginia,229,Saturday,Night,26.36496557,14.08572085,49.34865722
Virginia,203L,Saturday,Night,38.6796563,20.63429344,72.50627775
Virginia,203U,Saturday,Night,33.81355026,18.06702015,63.28415929
Virginia,204L,Saturday,Night,44.05696434,23.46911556,82.70512376
Virginia,226U,Saturday,Night,32.22576815,17.2365905,60.24974213
Virginia,110,Saturday,Night,41.12427201,21.94521276,77.06490554
Virginia,131,Saturday,Night,33.90551077,18.1008124,63.51005885
Virginia,205U,Saturday,Night,32.4937902,17.37620871,60.76391112
Virginia,205L,Saturday,Night,46.42979009,24.70339735,87.26432957
Virginia,TT3,Saturday,Night,74.50691377,30.7409848,180.5823801
Virginia,TT1,Saturday,Night,325.6287716,134.3366574,789.3161776
Virginia,128,Thursday,Night,78.53025795,42.02054237,146.7615853
Virginia,123,Thursday,Night,79.23851601,42.38543338,148.1344396
Virginia,111,Thursday,Night,54.46553438,29.1411683,101.7973749
Virginia,228,Thursday,Night,45.29286105,24.23393362,84.6516828
Virginia,109,Thursday,Night,81.77391949,43.73162774,152.9093303
Virginia,217,Thursday,Night,38.68585396,20.6957736,72.31405434
Virginia,CL2,Thursday,Night,190.4141986,101.8307969,356.0569903
Virginia,108,Thursday,Night,104.7937938,56.05943708,195.8945682
Virginia,129,Thursday,Night,66.39314845,35.52459949,124.0844436
Virginia,211,Thursday,Night,37.59289536,20.10129453,70.30521243
Virginia,127,Thursday,Night,111.2269953,59.4952426,207.940063
Virginia,122,Thursday,Night,63.76808554,34.10095279,119.2450181
Virginia,210,Thursday,Night,36.71174718,19.63721453,68.63256392
Virginia,216,Thursday,Night,36.41888673,19.47857788,68.09199928
Virginia,215,Thursday,Night,44.68086544,23.89708309,83.54072874
Virginia,121,Thursday,Night,56.02801248,29.96929472,104.7451471
Virginia,213,Thursday,Night,36.99059514,19.78817884,69.14755219
Virginia,212,Thursday,Night,36.48791097,19.51616823,68.21870111
Virginia,101,Thursday,Night,46.76674637,25.02036408,87.4139385
Virginia,103,Thursday,Night,77.91841207,41.67727624,145.6736017
Virginia,226L,Thursday,Night,66.3415322,35.46021485,124.1165321
Virginia,CL3,Thursday,Night,196.3957711,104.9789364,367.4194102
Virginia,132,Thursday,Night,44.49642284,23.80263546,83.18119434
Virginia,124,Thursday,Night,100.9759341,53.97714037,188.8973592
Virginia,202,Thursday,Night,43.76558796,23.41089026,81.8177638
Virginia,105,Thursday,Night,125.3459975,67.04514817,234.3438641
Virginia,219,Thursday,Night,31.75368336,16.97616047,59.39484424
Virginia,227,Thursday,Night,49.64082707,26.55131742,92.8093952
Virginia,221,Thursday,Night,41.97067851,22.43824454,78.50604582
Virginia,102,Thursday,Night,60.99421814,32.62793961,114.0217461
Virginia,222,Thursday,Night,46.45986036,24.85098201,86.85848407
Virginia,104,Thursday,Night,92.61053075,49.54145482,173.1218923
Virginia,CL1,Thursday,Night,177.4817779,94.830621,332.1688835
Virginia,214,Thursday,Night,39.49141355,21.12201021,73.83633136
Virginia,107,Thursday,Night,132.3855031,70.81192514,247.4995758
Virginia,223,Thursday,Night,50.89325593,27.21177535,95.1839219
Virginia,201,Thursday,Night,36.25691441,19.38973985,67.79687881
Virginia,CL4,Thursday,Night,163.3094419,87.26366662,305.62518
Virginia,207,Thursday,Night,44.55099065,23.82557167,83.3050638
Virginia,206U,Thursday,Night,42.2690347,22.58937473,79.09343731
Virginia,225,Thursday,Night,70.51286574,37.6995526,131.8865581
Virginia,106,Thursday,Night,145.3331702,77.68446949,271.8912866
Virginia,224L,Thursday,Night,84.29949755,45.07967011,157.6410224
Virginia,218,Thursday,Night,43.32916217,23.16479646,81.04609497
Virginia,204U,Thursday,Night,54.01955235,28.88020447,101.0419452
Virginia,208,Thursday,Night,38.79409078,20.73127552,72.59473628
Virginia,224U,Thursday,Night,45.62958272,24.39582455,85.34488414
Virginia,206L,Thursday,Night,57.43651488,30.65468288,107.6166162
Virginia,130,Thursday,Night,47.66869657,25.35410476,89.62275159
Virginia,229,Thursday,Night,37.909451,20.24640338,70.98181576
Virginia,203L,Thursday,Night,55.61640242,29.66102562,104.284466
Virginia,203U,Thursday,Night,48.61956383,25.97141266,91.01784404
Virginia,204L,Thursday,Night,63.34828414,33.73594761,118.9533832
Virginia,226U,Thursday,Night,46.33653608,24.77508251,86.66266099
Virginia,110,Thursday,Night,59.13144738,31.54449177,110.8443304
Virginia,131,Thursday,Night,48.75179129,26.02088417,91.33960009
Virginia,205U,Thursday,Night,46.72191753,24.97669885,87.39896296
Virginia,205L,Thursday,Night,66.76010433,35.51015626,125.510896
Virginia,TT3,Thursday,Night,107.1314199,44.19364613,259.701159
Virginia,TT1,Thursday,Night,468.2125575,193.124159,1135.140213